Date,GNN_Agent,EqualWeight,SPY
2020-01-02,1008788.4277717811,1011706.4267050952,1009351.8605363439
2020-01-03,1000243.8554221613,1002319.2949695896,1001708.6007734148
2020-01-06,1000388.5674876973,1007154.1712541785,1005530.5419132181
2020-01-07,993082.1772711697,1004950.6612535072,1002703.0711652767
2020-01-08,992564.3255970406,1006111.3766163976,1008046.7543225484
2020-01-09,999450.7339965915,1015548.5463045829,1014882.4024495617
2020-01-10,994795.9655728028,1012759.0428470565,1011961.4504472576
2020-01-13,1002300.6819702353,1018666.5333385576,1018921.3944041561
2020-01-14,997865.4130082174,1019564.6215426215,1017367.9040361491
2020-01-15,995236.7228768235,1019806.4086674819,1019666.9618779087
2020-01-16,999587.5456467462,1027763.2499813627,1028148.9591106145
2020-01-17,1001538.4996621512,1028895.20455826,1031349.1098426526
2020-01-21,994631.1921301415,1024950.5978998643,1029329.7694945247
2020-01-22,994076.9364210202,1025693.6013417993,1029453.4428077328
2020-01-23,990683.4796401439,1024057.5057197687,1030634.253191643
2020-01-24,983514.774558604,1014603.8863181899,1021468.9401529067
2020-01-27,967334.0137687546,995718.5609828518,1005095.2990030603
2020-01-28,972367.16432012,1004249.9045131097,1015627.9699233144
2020-01-29,969100.7890618754,999601.7798436113,1014788.7136896398
2020-01-30,980053.3901962691,1005948.141316336,1018082.1381704817
2020-01-31,953058.0866925528,984649.5757806974,999595.9866764831
2020-02-03,960861.5949831252,988001.2632533199,1007021.7806135027
2020-02-04,967564.3869527758,1001713.0942915704,1022369.9292904058
2020-02-05,972974.6479540662,1018273.5620925309,1034176.2693322556
2020-02-06,971882.4530986389,1017892.7386526344,1037656.1375579254
2020-02-07,966893.4297725202,1013654.3241114549,1032125.9069030462
2020-02-10,971454.4021361547,1019529.1915769444,1039830.8995697998
2020-02-11,970522.7814901985,1024976.2876203927,1041632.8778447979
2020-02-12,972531.6501725429,1033878.5559148482,1048343.9188835872
2020-02-13,974788.1529077383,1030300.1143110039,1047225.5676729582
2020-02-14,977232.425121227,1031770.7566158203,1048903.3538708505
2020-02-18,968703.1434253358,1026705.8909260948,1046199.9714472354
2020-02-19,972033.2153087893,1036117.4892375962,1051202.204207051
2020-02-20,972640.0304260841,1030798.2953717858,1046883.8060171634
2020-02-21,972493.0804949357,1018116.9075187817,1036102.5434371389
2020-02-24,949176.8674147687,978096.3446271913,1001739.726607276
2020-02-25,931963.8488156275,945535.0239707165,971384.8796509261
2020-02-26,926039.6619457904,936984.2833572096,967811.9451820117
2020-02-27,885555.850773267,892573.6976669971,924345.8594755757
2020-02-28,866702.0291299025,887065.5382032465,920462.3929375071
2020-03-02,908436.1225411828,925126.6086829395,960324.6258467267
2020-03-03,896810.8426972016,898190.1441506405,932827.960461061
2020-03-04,936603.5910327734,933700.3511851717,972037.4846342135
2020-03-05,907910.0971509552,900070.7728749844,939725.2377391191
2020-03-06,899086.7933003579,877487.6623859818,924190.6453173881
2020-03-09,856846.3971378586,787800.3837328006,852016.3211422435
2020-03-10,893919.7395693503,829948.5927593507,896104.0416272752
2020-03-11,846375.4369160556,782920.6877591602,852420.2825893705
2020-03-12,765906.6348589966,700378.0329266067,770863.0757968005
2020-03-13,813331.5968116781,777885.9165025367,836761.3424613645
2020-03-16,738313.8155174999,679561.3090738399,745199.8257783325
2020-03-17,776554.5352787668,713321.5781258765,785434.6867952591
2020-03-18,755572.2690501388,667332.7607904024,745665.779511233
2020-03-19,749179.4801939859,681654.806666224,747250.2919603216
2020-03-20,711099.3835428455,664061.9997893686,715048.2305170955
2020-03-23,679937.8325333791,638484.4928235685,696765.5901001588
2020-03-24,743237.5193845307,708361.3695033478,759894.7988316606
2020-03-25,759286.7180789676,721360.7428429428,771270.6685912115
2020-03-26,798591.5592878761,769515.3401382124,816304.9775603487
2020-03-27,789808.1625619743,740904.6831535676,791990.8249341999
2020-03-30,821447.0610897639,762811.9162892239,817711.3983633622
2020-03-31,802611.0013114942,752588.7287093857,805522.9368344778
2020-04-01,778215.6999805641,717723.6881750916,769270.6262600776
2020-04-02,805054.5222167898,749095.3342942368,787021.8968166158
2020-04-03,804823.319083273,739218.7213480222,775646.0789334547
2020-04-06,848403.8826176586,790458.1460376718,827743.306493181
2020-04-07,835955.6786153156,790358.5829339776,828587.0240963758
2020-04-08,855021.8168618794,823820.8745212387,856401.3804929835
2020-04-09,861137.0804881279,832374.2306371065,869433.5077486727
2020-04-13,855297.4677622698,824217.8992074541,861495.538215469
2020-04-14,885466.8175744847,842272.5064380091,886903.556396276
2020-04-15,874247.7863776082,819186.695904423,868058.1609031308
2020-04-16,881938.5357097682,815839.027588758,872246.4012310891
2020-04-17,897344.655812887,852093.3209300662,895810.4212611858
2020-04-20,880891.2575670904,837329.2447951816,880027.963449141
2020-04-21,862961.2114373903,810738.7786066299,853307.3169780221
2020-04-22,878857.0341288088,835027.7021537784,872246.4012310893
2020-04-23,875562.7627465395,839554.4891357215,872183.9420578079
2020-04-24,882922.4187900511,848946.3697798589,884340.9664944926
2020-04-27,889912.1118088382,865943.4239998588,897091.5605829082
2020-04-28,883210.9439198126,867747.4208251867,892966.1425629595
2020-04-29,884581.7892342282,897278.1674305238,916342.9925787714
2020-04-30,876781.7582873862,884756.2022466366,907811.2977646673
2020-05-01,864357.4691427446,854709.925523389,883778.1076655046
2020-05-04,864119.8464670079,864807.1960748452,886215.8829735052
2020-05-05,870505.1182786139,871382.6118154709,894403.7410762238
2020-05-06,862481.6439541737,860866.0825217752,888341.25866232
2020-05-07,858229.4294407273,873413.8383761654,899060.3733274018
2020-05-08,871068.589358308,893938.1644252929,913936.5506101913
2020-05-11,874996.7840829865,894145.2912060801,914124.135635594
2020-05-12,864907.4902359254,876395.3325105725,895903.7987627692
2020-05-13,857034.9158545273,856438.9580969173,880059.1930357817
2020-05-14,860316.0635858919,870538.6674999355,890591.2414393586
2020-05-15,862299.15007593,872238.1969057048,894685.1186143281
2020-05-18,878157.1982679911,907450.941646804,921936.7199347275
2020-05-19,867632.0711762331,894315.2165192618,912467.7225102864
2020-05-20,875462.9679741471,912692.1543674062,927968.8027842268
2020-05-21,867359.0202498367,903610.1379228344,921562.379906158
2020-05-22,865829.0358915621,902763.8293475182,923312.378038608
2020-05-26,870640.3544324221,916270.9947152669,934687.8327870409
2020-05-27,875064.8191774372,932855.62795847,948595.1666145142
2020-05-28,882571.2271357047,924943.6752974261,946845.1684820642
2020-05-29,883588.8122753464,925938.6328513789,951064.0677563758
2020-06-01,881232.5993285379,930276.8785575939,954908.1082382203
2020-06-02,884752.3996759685,942448.2788657619,962814.7963083938
2020-06-03,892070.4242766285,957352.6118712,975628.05707565
2020-06-04,889237.0433093378,957190.2909840413,973065.4671738665
2020-06-05,900114.6919485916,992515.4707077675,998004.9378022845
2020-06-08,906388.5420818721,1010737.8233539537,1010068.0659734881
2020-06-09,899957.4974888668,999279.1873317373,1002536.3404485615
2020-06-10,897376.759178148,986127.523393756,996941.9905759282
2020-06-11,858424.2284606732,916222.9766026823,939469.5908903406
2020-06-12,858738.1084936706,934813.0623645409,950720.0235394314
2020-06-15,858818.365631085,941513.7886202759,959595.9700760392
2020-06-16,872249.85045304,962986.5344639627,978065.8323836505
2020-06-17,869674.2303931781,952362.342869449,974003.1847953217
2020-06-18,868853.2245767415,956939.1518251563,974377.7323294501
2020-06-19,867705.5555732133,951683.695767335,968809.5281572603
2020-06-22,868810.906590822,956818.055325451,975024.5271570836
2020-06-23,868864.4448272377,959761.8322785993,979513.3911637503
2020-06-24,855390.6059671479,929341.0506256837,954527.0242789815
2020-06-25,858869.6085429502,944315.8386890836,964760.2646774917
2020-06-26,843228.7531339765,918021.318809926,941845.7370472965
2020-06-29,854266.4680600407,928232.6836544281,955688.7441514569
2020-06-30,863150.5028403625,946150.087680684,967930.9496201415
2020-07-01,868741.4078839462,940696.125845828,974710.6749989843
2020-07-02,870788.2900338366,946000.3883858892,980078.7400594472
2020-07-06,876624.6781693044,961581.2074237586,995208.2816298661
2020-07-07,892306.7077829827,945731.7267330086,984944.0191502743
2020-07-08,890123.0891548119,951956.2585835628,992477.4047196738
2020-07-09,892868.7353021532,939540.6738481247,986827.443357209
2020-07-10,906796.3987337075,954566.3980234175,996902.9795308231
2020-07-13,904589.2118280913,946800.540244935,988271.3707900249
2020-07-14,915727.1495683305,961581.7787394988,1001078.1988849496
2020-07-15,913766.589228512,973346.1596921633,1010275.3640270036
2020-07-16,913459.5935116345,968820.3449385854,1006947.9086344737
2020-07-17,916985.8991745921,967823.3646820763,1009867.3043450847
2020-07-20,912158.9597251855,971139.2173735679,1018028.7054890214
2020-07-21,919873.0531400855,986146.0764005572,1020194.441009076
2020-07-22,929371.6415145184,989267.4177381281,1026001.5878325395
2020-07-23,928600.6967322408,982606.227190547,1013759.3823638549
2020-07-24,926979.8547609161,977400.8585840225,1007230.6349587119
2020-07-27,930658.5984922647,981713.656970107,1014575.5017276928
2020-07-28,932176.6231229819,974414.2004097024,1008140.7543408104
2020-07-29,930602.8107077125,989754.9296229476,1020539.7302593753
2020-07-30,932344.8392565206,974947.575424164,1016898.215203187
2020-07-31,929494.7408256296,974844.28011381,1024933.9717311043
2020-08-03,926760.996133333,980489.9179685988,1032059.7126297029
2020-08-04,942143.0778541166,988150.5346492707,1036045.9981722927
2020-08-05,939597.1520226133,994439.9616795876,1042480.9530647341
2020-08-06,940246.1450800447,995826.8569028625,1049449.612255114
2020-08-07,943508.6859973393,997596.660145775,1050203.0649401112
2020-08-10,945190.5577073869,1005037.5810706466,1053341.897779443
2020-08-11,936983.4463792806,999840.2430934324,1044646.7923375684
2020-08-12,950665.1844501789,1014954.7271994568,1059211.7112817469
2020-08-13,951457.2165417097,1006902.9829291534,1057296.9537353923
2020-08-14,951446.6530511319,1008094.2610217711,1057328.2870748125
2020-08-17,957953.0168988149,1008809.5716342689,1060686.8683012035
2020-08-18,959667.3831222921,1007348.7777853156,1062978.559695616
2020-08-19,948965.309734428,1004336.4311376502,1058552.673626128
2020-08-20,948116.4295911448,1000068.6731630142,1061848.6919264582
2020-08-21,951912.9088882699,1001349.1016492209,1065615.332834768
2020-08-24,957120.6725395919,1014544.077122443,1076413.4033650777
2020-08-25,956470.7778334833,1016295.1278536223,1080180.0442733876
2020-08-26,958035.8948177478,1019875.5280927086,1091009.5518958967
2020-08-27,967824.9618048613,1025114.3024878986,1093395.13955579
2020-08-28,983507.0539952028,1036466.3092512563,1100457.5912588711
2020-08-31,979434.0219090941,1029774.1386401205,1096471.201963502
2020-09-01,990809.520730864,1032606.582023968,1106798.1311219342
2020-09-02,1012678.0407047655,1045633.2068528283,1122807.2887572672
2020-09-03,992235.1483134459,1018004.092447738,1084166.7448270952
2020-09-04,989804.088823342,1011859.003887595,1075314.6614297808
2020-09-08,967080.8575612424,981530.0983905891,1045933.7418149443
2020-09-09,980259.2479312215,997872.295614239,1066588.1188957063
2020-09-10,965877.7707645409,976351.4041330457,1048068.5590066967
2020-09-11,973130.2802082535,981299.1422014517,1048602.0557990759
2020-09-14,978341.4424575694,992954.0004688556,1062413.3145526978
2020-09-15,978771.9598168668,994317.3135284005,1067780.860849263
2020-09-16,973867.9039106409,1001802.3048140341,1063543.5973329735
2020-09-17,967990.7703874612,995779.3703235367,1054189.45423548
2020-09-18,961231.242743048,987911.5724526412,1042052.7653435845
2020-09-21,959383.8536693082,971674.4121970419,1030455.0721413837
2020-09-22,969190.0083766216,973743.856872175,1040949.8732971065
2020-09-23,956375.0455482751,949234.5263738552,1016809.4028239026
2020-09-24,962335.8265348504,952003.2020310791,1019519.6329309673
2020-09-25,964631.4633457151,960685.9762507027,1036001.4882298707
2020-09-28,977717.3568872885,975899.2509093966,1053209.3017271943
2020-09-29,975331.0024489375,966474.7110462142,1047473.5368160524
2020-09-30,987156.1764935084,976065.0602460292,1055415.1895729299
2020-10-01,996282.8342048414,971090.5532699991,1062191.0760989299
2020-10-02,988972.0036353482,966542.8068992235,1052106.4096807167
2020-10-05,995149.3808953185,987520.136940207,1070763.4420026126
2020-10-06,987690.7976015792,974103.1476562975,1055541.2492000675
2020-10-07,996289.3201195662,990872.3263923402,1073915.0364338274
2020-10-08,1003189.6790495524,1006212.9415050352,1083432.3826535325
2020-10-09,1009612.310167733,1008478.1963611993,1093107.640603693
2020-10-12,1022558.2447979709,1019629.7958138696,1110693.1142185312
2020-10-13,1025070.5309227112,1010408.7887993329,1103444.6337817402
2020-10-14,1019434.5689678855,1003532.7448872933,1096511.1467836236
2020-10-15,1018663.2978587835,1004578.7580073231,1095156.135482871
2020-10-16,1021158.4928696831,999408.2509983886,1094494.192749425
2020-10-19,1007463.5950581168,982547.5536496661,1077854.1144617277
2020-10-20,1013574.4842009593,990064.849307393,1082171.5788765992
2020-10-21,1014480.7631868899,980344.8619717357,1080123.2915029805
2020-10-22,1014783.4786471413,993047.7942497039,1086048.1977312183
2020-10-23,1015352.3897637193,993828.5267337868,1089735.4677631827
2020-10-26,1003092.5203977327,972333.6231573448,1069597.1570078374
2020-10-27,1007220.9906014539,963265.7189933544,1065910.198234212
2020-10-28,975328.901764873,929076.2600817948,1029478.2397220433
2020-10-29,975284.5701441858,938252.1077758792,1039941.292527228
2020-10-30,969575.6368136955,935228.348342083,1029100.0608406311
2020-11-02,980113.9270224085,952278.2658251362,1040634.6723528735
2020-11-03,996948.4005675875,965930.3751206774,1059008.1483282947
2020-11-04,995345.8538692566,987300.3113874181,1082676.1286434873
2020-11-05,1004061.773453659,999206.808234242,1103791.3755709527
2020-11-06,1009229.3854815975,994200.6702478423,1103539.256316678
2020-11-09,1005290.4288676631,1042866.4969915223,1117406.1265601318
2020-11-10,1021993.9297172704,1043037.5263327739,1115767.1439017865
2020-11-11,1033752.135267574,1050232.1493921718,1124055.6422006558
2020-11-12,1029824.2343407511,1033984.2096266854,1113151.225071321
2020-11-13,1039905.3712515422,1053498.6246155861,1128562.2479326234
2020-11-16,1045115.3733523319,1077184.9461560878,1142649.6965853728
2020-11-17,1038772.3243262699,1078136.1785802725,1136504.315700619
2020-11-18,1028182.8180354685,1063202.2454828986,1122826.6905270405
2020-11-19,1034121.2954136039,1072142.507756762,1127553.770915524
2020-11-20,1028462.8295722291,1065936.1735654906,1119832.5928151626
2020-11-23,1029844.7079574915,1089926.2946543754,1126545.3976512041
2020-11-24,1035396.9123747855,1113360.3830512904,1144698.29521733
2020-11-25,1036236.6877131162,1109728.7263506788,1142933.356684627
2020-11-27,1035132.8936317115,1110479.8409347723,1146116.284455262
2020-11-30,1034854.807210505,1097545.3476279739,1141042.3585247863
2020-12-01,1040378.2862397144,1105930.1339318862,1153522.469116949
2020-12-02,1029629.9109666564,1116072.4654576464,1155949.142877539
2020-12-03,1024344.184906639,1116873.023133198,1155634.2531916443
2020-12-04,1027623.254024572,1141397.9909981838,1165592.6524771613
2020-12-07,1023476.770792286,1133456.9974683258,1163197.5195615506
2020-12-08,1028620.8120998921,1138779.3978542788,1166601.3369998198
2020-12-09,1023443.544789192,1134472.400231942,1156138.284194635
2020-12-10,1018003.1901474342,1142569.20001673,1155760.0015604433
2020-12-11,1021651.59434942,1136074.4143048455,1154404.886506911
2020-12-14,1019001.5272698099,1122952.3283737786,1149236.4417942772
2020-12-15,1021974.1564047526,1139556.0484882838,1164773.3167771578
2020-12-16,1019426.6633176974,1139017.4649391877,1166601.3369998196
2020-12-17,1024083.4604618035,1142223.7919227937,1173125.0005187653
2020-12-18,1026294.7419996695,1135287.8315440712,1168440.8737810098
2020-12-21,1017386.6902760245,1131866.697792079,1164263.2681129542
2020-12-22,1009913.6370130393,1123758.1015857717,1162300.888040792
2020-12-23,1009421.7931591212,1131682.3426411124,1163345.263519611
2020-12-24,1014762.7228164489,1132129.9925286737,1167870.9597630133
2020-12-28,1027446.8919468307,1136548.0920946617,1177904.0610497966
2020-12-29,1026769.9039657747,1136047.4461361056,1175656.8795978054
2020-12-30,1026593.9370352679,1142214.2332921727,1177334.3545373592
2020-12-31,1033391.5846122697,1146956.5356438134,1183316.1172887832
2021-01-04,1023840.6483260923,1137016.1726514818,1167206.5269628584
2021-01-05,1020619.5542493329,1154843.8620680503,1175245.3960741619
2021-01-06,1012946.0512192033,1166867.3784809045,1182271.6380571846
2021-01-07,1007520.3479330832,1184178.145837391,1199837.1911383518
2021-01-08,1015311.884427974,1186142.327012626,1206673.4617820424
2021-01-11,1005478.4781876463,1193022.871591276,1198539.555124683
2021-01-12,1005065.4272790815,1201471.0599879317,1198792.6081539737
2021-01-13,1006733.4822338134,1199932.3979857014,1202021.0833948255
2021-01-14,996561.1117987003,1203757.2242139233,1197811.5218706722
2021-01-15,989713.9457047792,1184515.0262570973,1189076.4716086758
2021-01-19,982232.8057039571,1194606.2580330742,1198412.8729808684
2021-01-20,986739.7578869703,1202759.059407848,1214997.2360259546
2021-01-21,984965.5328169197,1193063.544328726,1216105.0044530707
2021-01-22,982182.0538954859,1189022.066083403,1211800.7166412005
2021-01-25,988391.953303688,1188002.2667052639,1216579.8809250114
2021-01-26,997449.021723572,1180395.3810700523,1214680.8938011464
2021-01-27,971587.1778635628,1149918.2281455086,1184993.5922283372
2021-01-28,978488.9398411092,1165310.303181061,1195184.7089983553
2021-01-29,961441.8579243988,1144613.407889539,1171257.5542398794
2021-02-01,961559.7820110953,1155771.2569549428,1190753.6352898907
2021-02-02,969837.7854870282,1173006.0824929473,1207591.362622606
2021-02-03,969036.0576716345,1182917.8999096644,1208541.0118137079
2021-02-04,975967.5090127377,1197386.8212084132,1222276.7385438269
2021-02-05,982355.6676079571,1202264.5194535186,1227087.4436726174
2021-02-08,983919.3970430206,1221368.2967236997,1235949.3835839876
2021-02-09,986107.3636743749,1217070.958180214,1235126.727795039
2021-02-10,977306.8577106886,1222178.7468730554,1234588.3546220218
2021-02-11,971736.6970774783,1221806.7015192637,1236582.4830447224
2021-02-12,970008.861225607,1230414.9240676542,1242690.927939961
2021-02-16,974005.2981919528,1239139.5641632085,1241614.5966050446
2021-02-17,977966.8910139772,1242819.106996639,1241899.7092432121
2021-02-18,969577.9054255765,1231812.616329741,1236614.127642481
2021-02-19,958859.2787894526,1234506.166296461,1234430.3391387868
2021-02-22,954179.7733398145,1237630.3138433343,1224935.4035194614
2021-02-23,948667.460866893,1237472.8847216999,1226422.8033669034
2021-02-24,945456.1032354966,1260352.404869795,1239937.1216654906
2021-02-25,933253.3937522338,1236394.4979999864,1210059.952506129
2021-02-26,919723.615693756,1223964.6179349732,1203824.8254670755
2021-03-01,927551.7288262853,1248987.7733689004,1233005.8134757443
2021-03-02,925212.054503057,1240559.002883567,1223384.714476502
2021-03-03,914136.1359466674,1234073.1756884218,1207180.0866045211
2021-03-04,910726.94232811,1225402.1808256872,1192241.4501484507
2021-03-05,927113.6061236472,1251619.3835889401,1214174.476484226
2021-03-08,926415.2226708627,1249660.6145722563,1208129.4245372845
2021-03-09,927666.6039760503,1255234.500218395,1225378.4278880844
2021-03-10,942016.0487791838,1270583.7944188816,1233005.8134757446
2021-03-11,940741.2507822589,1278331.0818635502,1245507.71215161
2021-03-12,946256.8732563328,1279964.0112161143,1247185.1870911636
2021-03-15,951943.8318427438,1282684.8817302168,1254622.6013394915
2021-03-16,952480.197673824,1275578.7489693556,1253040.2676987732
2021-03-17,953013.7651920248,1278155.297035664,1257312.7034073258
2021-03-18,944462.7376462453,1255664.2140194164,1239019.4283304862
2021-03-19,951657.9640909737,1256345.5820147062,1236726.595655499
2021-03-22,964867.4607425791,1260973.1093155742,1246601.9927173865
2021-03-23,976133.6503262639,1249909.1239433365,1236790.1961093552
2021-03-24,973136.647152944,1249557.5717096024,1230503.1926805335
2021-03-25,981948.2530527224,1255770.7104333628,1237425.3706256803
2021-03-26,996273.6755100114,1282886.673932441,1257366.343594346
2021-03-29,1009455.4049694904,1278508.9058929274,1256731.4803363595
2021-03-30,995991.9541650162,1271325.4173917747,1253397.17726038
2021-03-31,994266.9619704268,1272000.7407718692,1258477.6396159667
2021-04-01,993290.2655865399,1288464.8717090036,1272068.1124547343
2021-04-05,1010458.429820259,1292505.051437165,1290326.6303504286
2021-04-06,1014071.5131667579,1290926.2883829097,1289564.46243195
2021-04-07,1013401.5974221382,1293853.2430792605,1291056.7386600303
2021-04-08,1012653.1991127636,1294660.6471806285,1297185.2078417197
2021-04-09,1013366.0098394628,1301671.156509411,1306615.816737732
2021-04-12,1015698.0600378038,1298389.3324286512,1307092.1457485862
2021-04-13,1012486.0872162826,1300136.5360985138,1310965.7557725988
2021-04-14,1010115.2088545293,1306639.7699324978,1306488.6158300198
2021-04-15,1018080.8371661989,1317185.7505539143,1320523.7730818826
2021-04-16,1023949.1110147479,1320683.6324380005,1324937.4163233852
2021-04-19,1021624.4756951724,1315699.510322968,1318428.0706880155
2021-04-20,1028373.913338823,1297663.2948900147,1308775.015832676
2021-04-21,1030928.9912499298,1310509.981411277,1321158.8438454287
2021-04-22,1023965.1286674542,1297048.692864829,1309092.6030908388
2021-04-23,1024969.2372822763,1310594.9030453067,1323286.087084275
2021-04-26,1009487.4290096723,1313412.860315926,1326049.023603344
2021-04-27,1011666.399616101,1316488.7595216015,1325763.1846957197
2021-04-28,1008069.7853693961,1322703.1317891516,1325382.1007364804
2021-04-29,1020370.5582470419,1331546.672719731,1333828.4070130258
2021-04-30,1021786.4816567623,1317120.80327678,1325064.513478318
2021-05-03,1036078.7098973618,1331547.7724719243,1327922.1762851046
2021-05-04,1027521.8406931882,1327396.3011068876,1319729.9605656455
2021-05-05,1024655.7594206494,1341261.7910074182,1320142.792875423
2021-05-06,1038372.3542289116,1352334.943121851,1330684.9052986146
2021-05-07,1038257.8753251006,1364882.8950975914,1340369.397246154
2021-05-10,1044223.9192485465,1356130.6272810332,1327096.9266766678
2021-05-11,1035810.468695453,1339537.17188494,1315252.716870287
2021-05-12,1022439.975659736,1323660.2723480205,1287309.7070270532
2021-05-13,1038035.0400033249,1331617.4319666196,1302773.955064258
2021-05-14,1043808.7899715067,1354195.6406880731,1322778.2172284415
2021-05-17,1042239.2435560472,1360350.1387733903,1319412.3733074828
2021-05-18,1041898.6188017778,1348134.763142026,1308044.4925119563
2021-05-19,1039990.0055539717,1339665.5484141412,1304615.35939548
2021-05-20,1049190.5814879863,1349581.283910917,1318650.3091417837
2021-05-21,1046089.2703085536,1350862.3971765211,1317570.6577179222
2021-05-24,1049064.43260714,1362100.8785581586,1331002.2850512185
2021-05-25,1051421.5802309997,1355197.8718533108,1328049.4809455965
2021-05-26,1051393.0311218041,1359028.7607892228,1330684.9052986149
2021-05-27,1044993.1175335299,1360895.6051445315,1331383.3690104578
2021-05-28,1041747.229964169,1364825.2390878354,1333764.8065591697
2021-06-01,1037249.9199072294,1369459.9124562312,1332590.2213420318
2021-06-02,1040438.5268261865,1380635.7433893073,1334685.923735899
2021-06-03,1046544.5893042316,1382363.8568329236,1329732.2472769066
2021-06-04,1050684.749947398,1392762.7071941555,1341893.7330831115
2021-06-07,1044792.419703745,1391014.363794235,1340591.739452702
2021-06-08,1038413.9921062561,1389698.3474875204,1340877.4746075466
2021-06-09,1036095.9338514162,1387921.233599231,1338877.121018074
2021-06-10,1044951.0283648514,1395094.1208054142,1345100.627745819
2021-06-11,1045943.698946844,1396236.9820716565,1347323.427294619
2021-06-14,1047794.3443214592,1396312.1666355224,1350340.0393596562
2021-06-15,1046105.801725964,1396269.5916996032,1347863.668017668
2021-06-16,1032907.4616351413,1388334.1707431362,1340337.752648395
2021-06-17,1040043.4688345141,1379612.1115829013,1339893.3794936384
2021-06-18,1022664.8342695808,1355742.1173360841,1321817.5702427083
2021-06-21,1033579.7444789439,1383236.2161375105,1340740.7284441164
2021-06-22,1038625.2381835446,1391022.5417604528,1347908.385465648
2021-06-23,1032868.3825683416,1390122.3579711765,1346283.7206908786
2021-06-24,1036120.6154574361,1403475.4894649,1354248.0953064747
2021-06-25,1043275.7602867744,1413115.504992049,1359058.800435265
2021-06-28,1044396.1169475788,1405652.3175704824,1361798.1850733797
2021-06-29,1041815.0424474312,1405820.7201759971,1362531.0947080287
2021-06-30,1049113.891873672,1412502.9126862255,1363677.8741802508
2021-07-01,1046993.7427554554,1424077.710001147,1371227.9639471557
2021-07-02,1053626.7575572387,1433316.6969745057,1381708.862230421
2021-07-06,1052823.8256002548,1420686.3220112245,1379192.4423155314
2021-07-07,1059769.7816287153,1418303.10944921,1384066.33288706
2021-07-08,1059676.3441364777,1406739.1710571363,1372789.0282680693
2021-07-09,1065088.736683224,1425209.7256387074,1387443.278355429
2021-07-12,1062595.7185621266,1428570.6872680208,1392413.0364952497
2021-07-13,1068747.4193737705,1424419.8979265078,1387666.3468314337
2021-07-14,1077943.5197060807,1416146.398371632,1389737.0448054324
2021-07-15,1082061.5151577066,1407449.0412833684,1384990.3551416162
2021-07-16,1082798.8674609158,1392885.5898374629,1374126.9203601985
2021-07-19,1080067.3081550144,1368495.0775707893,1353833.9142105638
2021-07-20,1084029.1522745714,1386757.1842396047,1373235.0614672988
2021-07-21,1082782.3168716957,1408378.93660903,1384353.0018169205
2021-07-22,1084763.2853898495,1410352.0302839137,1387252.0619827425
2021-07-23,1098703.0199315106,1415677.5141295556,1401524.2943358473
2021-07-26,1100160.08627285,1423886.631588402,1404964.8402580726
2021-07-27,1104466.4582265704,1418858.2893985598,1398561.5299633897
2021-07-28,1093882.5020171672,1423175.5188805445,1397987.7770925504
2021-07-29,1099441.314508502,1432744.8942794544,1403785.8974241938
2021-07-30,1106000.6653648606,1424341.3418193278,1396968.7172919381
2021-08-02,1102942.994777748,1421551.5273299664,1394037.8050227985
2021-08-03,1112251.4731611677,1439778.0612661573,1405378.6063428659
2021-08-04,1101527.7951248847,1427308.221475291,1398465.9736534362
2021-08-05,1111787.695145003,1438856.3894191168,1407322.3109147113
2021-08-06,1108436.4506432866,1444912.0902614698,1409647.5144569143
2021-08-09,1110567.7158291582,1440249.9708210179,1408501.0462430308
2021-08-10,1117315.272314609,1447726.582707853,1410253.015678292
2021-08-11,1121264.3399227832,1452228.4064113747,1413757.4733127118
2021-08-12,1122238.5029599573,1456476.1771185535,1417994.218065104
2021-08-13,1128941.371639123,1456250.996159444,1420574.7571977475
2021-08-16,1138159.7142820756,1454660.2949143336,1423919.6430572395
2021-08-17,1137201.9498046522,1446558.5515640692,1414585.8355045351
2021-08-18,1123861.498160418,1425120.826211392,1399103.1194725728
2021-08-19,1137155.9473277251,1421376.0445350036,1401269.2700037453
2021-08-20,1140168.8836471238,1430240.5469450238,1412419.3737150237
2021-08-23,1134086.281315152,1450787.9102297544,1424843.769064575
2021-08-24,1123838.6053787773,1456062.2798490138,1427105.372152922
2021-08-25,1122105.1062892359,1461356.8042661208,1430099.988628697
2021-08-26,1115409.4773688584,1452172.083688934,1421657.8324633336
2021-08-27,1115384.6488230445,1468149.5090751457,1434368.8967427458
2021-08-30,1124375.443938554,1465981.5622769431,1440676.443221916
2021-08-31,1125103.370657721,1461428.8015745147,1438542.1447940608
2021-09-01,1131065.241123755,1453292.2832847189,1439306.8027792484
2021-09-02,1135716.146646425,1464453.7933824998,1443734.9714098861
2021-09-03,1137373.3150032111,1462581.8505501614,1443384.4945206102
2021-09-07,1124882.8906385025,1454401.420522542,1438223.520008103
2021-09-08,1135763.7058050768,1447306.7873277497,1436471.550572842
2021-09-09,1130644.9112056927,1441225.8777423215,1430322.9533519223
2021-09-10,1128964.6984151118,1436513.8723942332,1419045.544980152
2021-09-13,1129763.89054646,1447424.8323324122,1422677.4110278434
2021-09-14,1126748.274185675,1436194.4666629443,1414999.4978365488
2021-09-15,1129420.7817091302,1453879.3113247007,1426818.8069758406
2021-09-16,1128966.9796293648,1448677.562421521,1424556.9963819347
2021-09-17,1122595.3102657,1441102.4350302927,1410680.1658716453
2021-09-20,1110124.4147667445,1413410.3139059714,1387158.2694700407
2021-09-21,1111846.8840427028,1416240.1595800482,1385847.9756172684
2021-09-22,1114162.7166878327,1434787.2781284295,1399366.3402742576
2021-09-23,1116078.4647181635,1461362.6033861656,1416368.8270208777
2021-09-24,1123530.1961417985,1463800.830168347,1418702.1232798845
2021-09-27,1113572.7795340978,1471037.058505818,1414643.3145443983
2021-09-28,1096358.0021919813,1448371.3201887328,1386135.3708165858
2021-09-29,1103423.746884565,1451054.2343218534,1388468.355817254
2021-09-30,1091964.8023879759,1434393.4823417214,1371498.13618507
2021-10-01,1090258.3591313623,1456142.0181938787,1387797.4903447682
2021-10-04,1081501.517485124,1447527.29334647,1369900.1358746416
2021-10-05,1090549.5679081094,1462936.014660001,1384154.1077385477
2021-10-06,1103437.287878094,1465220.2636251715,1389906.5768471952
2021-10-07,1112051.5852617342,1479762.007123536,1401923.3275259458
2021-10-08,1110169.8037034627,1487795.0709686812,1399366.3402742576
2021-10-11,1109137.168094796,1480236.129183781,1389235.6076219298
2021-10-12,1106781.3300287535,1477251.2353538857,1385815.812255612
2021-10-13,1108322.1537864562,1478637.1209587054,1390801.5483234813
2021-10-14,1121066.7601745478,1499167.4276071426,1414195.6213006964
2021-10-15,1121360.5038182107,1512723.4561509287,1424965.9898388695
2021-10-18,1120388.028862325,1517349.750810264,1429184.5778548426
2021-10-19,1126352.4153360412,1531180.9305165678,1440210.5932417947
2021-10-20,1127615.5274794947,1539396.7583737224,1445867.5060404886
2021-10-21,1128043.290375635,1538390.8476606386,1449638.504565539
2021-10-22,1133179.981432274,1545365.1759646193,1448136.579328962
2021-10-25,1135391.9790531674,1551904.2604643495,1455902.682382863
2021-10-26,1140551.6413875632,1560136.9560082105,1457212.7687300763
2021-10-27,1144092.092932995,1540696.5485446688,1450757.1670345068
2021-10-28,1153668.8069160054,1553334.0852374362,1464755.0770385158
2021-10-29,1156764.0443418927,1554934.6350345893,1467727.4904194705
2021-11-01,1159008.007716375,1561611.072328413,1470252.4180622818
2021-11-02,1161351.351060755,1565870.9774425067,1476196.518554734
2021-11-03,1167665.836267864,1570270.3835466576,1485209.2112547716
2021-11-04,1173841.5365894688,1576668.3759174757,1492208.1662567758
2021-11-05,1178265.622079179,1581218.7275471617,1497385.4299556704
2021-11-08,1166422.7451142052,1590681.7986939598,1498663.9754579046
2021-11-09,1169902.7692779396,1589207.8924780432,1493710.1952461328
2021-11-10,1171846.7843338302,1572886.0793864198,1481693.4445673819
2021-11-11,1167013.0291293594,1575533.7407072552,1482172.989914402
2021-11-12,1165776.8962467546,1580335.4706751711,1493358.784581841
2021-11-15,1169593.5442780424,1580771.3390740291,1493869.9745266198
2021-11-16,1160704.7303258993,1586026.6018340837,1499782.4304213133
2021-11-17,1156636.4624685466,1572793.8411527742,1496139.2553206524
2021-11-18,1157182.3554250535,1573801.6254969821,1501220.8589568136
2021-11-19,1152490.183223687,1554780.8549667052,1498536.0482807357
2021-11-22,1161537.5656592085,1561102.8808099516,1494317.356511983
2021-11-23,1171404.662643867,1578774.5158478445,1496299.1383539187
2021-11-24,1168661.1718762952,1584699.6698183378,1500294.0353772098
2021-11-26,1146016.694182632,1543284.827766333,1466832.830201523
2021-11-29,1153018.0526050027,1557441.8837128913,1484825.8447343823
2021-11-30,1125491.3272712198,1528874.629396171,1455934.74199174
2021-12-01,1122387.055604435,1514369.3605266507,1439762.899998093
2021-12-02,1130690.2921344144,1539443.323196602,1461814.7232664383
2021-12-03,1146361.7809112244,1529151.4857685056,1449095.1512591043
2021-12-06,1166505.8374835683,1544978.6042128187,1466257.4172862112
2021-12-07,1169903.2382303034,1575674.0179092453,1496586.6373060155
2021-12-08,1167808.5685585607,1573203.3601833275,1500549.682225989
2021-12-09,1174015.1651164861,1565661.041256351,1490418.2233042044
2021-12-10,1193768.7036800527,1585217.444447194,1504448.8154337676
2021-12-13,1207234.3892407073,1569487.8793790124,1491121.459643906
2021-12-14,1209473.4017291893,1562296.6379597962,1480862.4885560707
2021-12-15,1217835.0432211827,1587574.8039031797,1504001.0184372864
2021-12-16,1221003.060392271,1585172.0894921734,1490738.4043818556
2021-12-17,1195277.024997248,1557776.0463750032,1474872.4255822836
2021-12-20,1197491.1126485907,1542217.7139113885,1459189.2591802557
2021-12-21,1200746.5605413497,1569138.463635362,1485102.9684085262
2021-12-22,1207127.5062924693,1579517.466316305,1499952.2737214155
2021-12-23,1208590.5800661629,1585037.9695300653,1509285.147499104
2021-12-27,1219887.3399267367,1608341.8978279599,1530644.732222379
2021-12-28,1226594.8108350064,1606177.0371533362,1529393.8887122814
2021-12-29,1230226.9321353715,1604657.1106863145,1531350.4586287893
2021-12-30,1226582.7164351894,1600080.6247882128,1527116.6189542245
2021-12-31,1234469.6628613374,1599506.5250975483,1523268.2208556393
2022-01-03,1233182.4469725841,1618188.9225544056,1532087.8296329589
2022-01-04,1233936.7428161271,1628489.5323554953,1531574.7721381485
2022-01-05,1240064.827105667,1605400.1807555389,1502165.0092506006
2022-01-06,1238363.2624545766,1613902.9083912408,1500754.0752016776
2022-01-07,1237915.2981656552,1614458.830097211,1494820.868751077
2022-01-10,1232141.0978008248,1616080.1434411667,1492960.7889195383
2022-01-11,1226421.057054527,1636579.3908615776,1506558.9394639912
2022-01-12,1224643.9301956783,1636437.7536423123,1510631.858577494
2022-01-13,1229312.112123138,1615641.6914928341,1489817.702216245
2022-01-14,1231539.1364140022,1618672.8968101903,1490427.1460432454
2022-01-18,1216981.7206394067,1595494.1415521225,1464032.1276707032
2022-01-19,1228543.914607358,1583435.9019125197,1448830.4779185061
2022-01-20,1220427.26673698,1566079.6402215832,1432794.5520660526
2022-01-21,1220176.5798874244,1543005.4505433028,1404668.1073085973
2022-01-24,1214048.9008804609,1543909.6853031537,1410633.2696152956
2022-01-25,1199957.4638264969,1549894.209177395,1393410.6194704983
2022-01-26,1191204.402862311,1551185.6579824793,1389914.980822339
2022-01-27,1191755.2155973848,1548045.8338084451,1383051.6307031892
2022-01-28,1213197.0375158556,1578032.2702907359,1417400.2334022555
2022-01-31,1222217.9186519533,1597833.367681049,1442929.123571223
2022-02-01,1219160.776907451,1616743.9987619987,1452678.9797698706
2022-02-02,1233444.7565787942,1630919.5633715594,1466790.4990674728
2022-02-03,1236077.132437711,1606502.2548380566,1432313.34667456
2022-02-04,1222017.2667779683,1620523.3815603538,1439048.562110982
2022-02-07,1219188.3948379431,1625443.1560890216,1434430.214635453
2022-02-08,1220791.0409576546,1626487.1946002743,1446232.4045661213
2022-02-09,1215610.1520401153,1646106.319069325,1467399.7353889141
2022-02-10,1202574.5159457186,1621243.667974038,1441036.6728724693
2022-02-11,1194330.0289976718,1604843.1252429686,1412621.5878823423
2022-02-14,1189806.3590151032,1591072.1228781412,1408003.1366540338
2022-02-15,1190914.012092335,1607936.7470072117,1430709.951219596
2022-02-16,1191005.616556975,1607221.572688111,1432313.3466745603
2022-02-17,1206661.40959371,1581995.168865653,1401717.3782585664
2022-02-18,1207939.341042932,1569918.785963525,1392641.1888574522
2022-02-22,1204208.6732384532,1553286.5022395812,1377695.8084707118
2022-02-23,1189010.8238816669,1535133.046809563,1353257.3600146775
2022-02-24,1170735.2040141649,1542410.1817353743,1373622.57809887
2022-02-25,1203793.1011611999,1578035.4254346024,1403930.3212933103
2022-02-28,1185889.9559247103,1576043.3288829245,1400338.088807402
2022-03-01,1175282.3838845715,1553329.1559020316,1379010.771198563
2022-03-02,1183518.9318206687,1583971.7469384775,1404378.9483120278
2022-03-03,1191502.379539034,1575689.5197310424,1397387.5672629296
2022-03-04,1199565.731622979,1576265.1035374866,1386034.0043509793
2022-03-07,1183964.0644210659,1542506.7819950515,1345175.3297470869
2022-03-08,1151376.6078118244,1535451.3459285272,1334976.5352713827
2022-03-09,1157887.1999547356,1561730.8888477655,1370768.2353810286
2022-03-10,1150712.108931607,1565136.7043787276,1364578.448306633
2022-03-11,1144348.276478815,1550837.538566731,1347227.767231887
2022-03-14,1157256.4452013557,1543373.2203364011,1337381.9397121675
2022-03-15,1184405.738834359,1562119.156562838,1366791.1838358175
2022-03-16,1184177.0813357267,1587926.7988884947,1397098.9270302576
2022-03-17,1193359.8465039828,1615268.217454836,1414577.8465405114
2022-03-18,1200247.7709266332,1632156.7452007858,1430071.560367105
2022-03-21,1198164.664389896,1638991.9461914152,1429653.3329127915
2022-03-22,1204556.8255053537,1648308.1784635822,1446382.3273325523
2022-03-23,1194628.0508678104,1630820.594624307,1427755.2795639425
2022-03-24,1202212.3188729594,1648301.687459678,1449277.4448927518
2022-03-25,1208482.3907821153,1661051.2561508103,1456355.3557599836
2022-03-28,1220607.146378868,1661572.4644704899,1466714.4482800723
2022-03-29,1232045.5777702623,1677179.816405978,1484859.0456238352
2022-03-30,1237285.1304205733,1675055.4537873098,1475690.4124961537
2022-03-31,1231099.0511603642,1648915.194494649,1452977.372763819
2022-04-01,1245240.8852042665,1652929.0138500128,1457095.3205836415
2022-04-04,1241225.3447163892,1659450.8317753223,1469577.6099841744
2022-04-05,1243086.5150799018,1639714.120671118,1451014.8889388777
2022-04-06,1263102.5309383082,1634020.7068107899,1436505.6852373104
2022-04-07,1279581.822937414,1647393.7112890691,1443744.2054072658
2022-04-08,1282124.9826372995,1655447.932986126,1439883.875739034
2022-04-11,1269377.6440864922,1622657.7021685564,1415272.9901634094
2022-04-12,1269464.4843482997,1615929.2683580185,1410028.9096744931
2022-04-13,1280996.7049131533,1629427.1451265474,1426178.9635844375
2022-04-14,1278482.2640969998,1615915.32379409,1408420.3265805522
2022-04-18,1266587.83604336,1625741.1544879351,1408999.5783487072
2022-04-19,1284593.6819996426,1642918.5133505717,1431744.6776899185
2022-04-20,1305500.6710789744,1647960.9085545354,1430682.6642385782
2022-04-21,1301245.2975926523,1620201.8690029946,1409289.0486036153
2022-04-22,1278067.028008121,1577805.2244398256,1370619.4538951728
2022-04-25,1284344.689103333,1574392.5370627078,1378565.5680215703
2022-04-26,1266940.4322435623,1543266.1076604393,1338640.9796918489
2022-04-27,1268711.04894146,1550999.7566975325,1342405.1305334498
2022-04-28,1289160.2078227976,1595568.9128723813,1376313.510188941
2022-04-29,1252059.6580995647,1542185.1423670119,1325450.8888293146
2022-05-02,1234194.1159401345,1553669.2893493318,1333429.4775757072
2022-05-03,1229839.93138223,1564027.000249321,1339541.8650765684
2022-05-04,1259705.5954823063,1618287.3877664348,1380335.0716765735
2022-05-05,1240511.519709931,1570641.9220111526,1331274.013580827
2022-05-06,1240587.186034454,1574397.0407516928,1323327.6919488707
2022-05-09,1240995.084484114,1513169.7287576043,1280958.4806276993
2022-05-10,1231769.6768826928,1519717.8573938494,1283918.1324167706
2022-05-11,1224432.8164885337,1505539.8173228032,1263521.5809931578
2022-05-12,1223353.8214552184,1505430.0089588389,1262202.5719069045
2022-05-13,1237131.250862554,1546693.0954993346,1292379.0678352304
2022-05-16,1242200.7900577344,1549898.504890804,1287135.2986046528
2022-05-17,1208672.8455573127,1577164.623475114,1313611.866661911
2022-05-18,1134797.0164757613,1516083.7944893886,1260658.3155362762
2022-05-19,1113480.140679925,1503119.7428881945,1252937.137435915
2022-05-20,1123672.2260863946,1511031.6194376142,1253484.2258424133
2022-05-23,1150804.2509288262,1543622.436838598,1276936.8153872872
2022-05-24,1171408.541531478,1541449.2379739631,1267189.0342442302
2022-05-25,1167433.5060047857,1555172.5352633044,1278384.5816729458
2022-05-26,1180770.5346423562,1586941.017188864,1303928.3084893874
2022-05-27,1196328.2910481526,1621098.1378289647,1335938.6347960292
2022-05-31,1185170.5071183604,1607508.4458068241,1328443.0152383812
2022-06-01,1170026.6505401637,1602656.9256531189,1317697.6511200764
2022-06-02,1181769.6487110485,1627848.6499894846,1342791.1946261069
2022-06-03,1169569.8778684798,1614390.404915791,1320754.000499676
2022-06-06,1168150.4289067048,1615803.5944466803,1324775.354481749
2022-06-07,1171619.3906869045,1637595.2887612905,1337482.7874138772
2022-06-08,1161032.9185815202,1621377.5916503952,1322941.4203506536
2022-06-09,1142990.5549742116,1587423.1679052399,1291478.3899560694
2022-06-10,1137088.6292922394,1542373.1148028094,1254031.106743352
2022-06-13,1123616.2955817077,1483513.4748447724,1206417.8149332644
2022-06-14,1105717.8112559312,1479353.7928688654,1202782.628796628
2022-06-15,1107510.1079214287,1488673.417727508,1219929.5394123632
2022-06-16,1104430.8836765299,1442845.5469953504,1179554.97527779
2022-06-17,1099201.1889773097,1428114.6982769046,1182097.540893123
2022-06-21,1127766.0542627366,1470469.006240378,1211855.290603238
2022-06-22,1135348.0749914297,1459415.2059576635,1209658.221743763
2022-06-23,1153188.2914513524,1460900.9316757238,1221516.0231642632
2022-06-24,1167964.5264827008,1500735.7650949296,1260352.65984776
2022-06-27,1165947.4648367278,1504970.1148978446,1255538.6346300247
2022-06-28,1149286.637669798,1486538.5183511402,1229884.3073505966
2022-06-29,1160649.741553388,1476712.4502310578,1228882.5742641673
2022-06-30,1162360.7897163706,1462785.103043982,1218898.8593004434
2022-07-01,1183084.6840510264,1477127.0306454673,1231790.7646745888
2022-07-05,1178726.6765405468,1466896.4921926984,1234116.9019918074
2022-07-06,1184661.9258910203,1465837.0770418611,1238285.0661569254
2022-07-07,1183994.8622487192,1492580.5958114837,1256830.8754991575
2022-07-08,1185815.9033614765,1492300.6746886729,1255797.2903094103
2022-07-11,1184919.1749986396,1479505.1456941622,1241451.6009883934
2022-07-12,1178058.8359792558,1459421.525232019,1230465.7379271218
2022-07-13,1181028.9255437115,1453060.052049642,1224003.8073120005
2022-07-14,1185347.0378799099,1445381.6445179495,1221031.4976838257
2022-07-15,1191014.9807352882,1483685.2505247253,1244359.2726349167
2022-07-18,1177931.347617911,1479201.6729846688,1234084.7386301504
2022-07-19,1190267.6646472632,1520820.1595878939,1267428.599412181
2022-07-20,1179914.0117590518,1529373.9407734892,1275506.1683102518
2022-07-21,1182371.9809080441,1537946.1398160271,1288494.7712749252
2022-07-22,1188460.3053388104,1527754.3517094739,1276540.3760166762
2022-07-25,1189004.2287719885,1538049.935163161,1278090.9613068562
2022-07-26,1184427.308840389,1519643.052479698,1262969.7199588006
2022-07-27,1196207.7284869975,1552060.961183701,1295764.7285370803
2022-07-28,1218896.2004652843,1565099.87735274,1312016.7714293094
2022-07-29,1208654.8620168257,1581963.1841659492,1331144.426359185
2022-08-01,1221352.4756513813,1575458.9834201215,1327202.339500678
2022-08-02,1211699.5838797865,1565364.211456603,1318446.5386827742
2022-08-03,1216602.292742254,1573800.406691419,1339092.6155411734
2022-08-04,1203405.1413981044,1562240.1843622923,1338187.891303611
2022-08-05,1201252.6685874616,1569029.6464102701,1335926.0807097051
2022-08-08,1199351.0940625865,1566271.7830615984,1334375.1841611867
2022-08-09,1205404.726924758,1567043.8987341286,1329076.4259574544
2022-08-10,1213677.4340180303,1594156.8005188012,1356992.1488196698
2022-08-11,1209479.4571371803,1603194.5877570538,1356992.1488196698
2022-08-12,1224006.3113503337,1627256.306698267,1379964.8817591853
2022-08-15,1236674.6288697056,1625821.0707049,1385651.5716056067
2022-08-16,1255842.6319376149,1629564.3250912747,1388365.5368127346
2022-08-17,1254738.274147721,1624755.9848344116,1378510.786553975
2022-08-18,1256160.063584745,1637647.646122966,1382517.615146913
2022-08-19,1251839.0245230638,1623680.336583155,1363938.812420788
2022-08-22,1237204.4945875586,1595217.676928123,1335538.3565725759
2022-08-23,1229275.233044883,1600738.349168969,1332307.3912650151
2022-08-24,1231870.4235920701,1606738.4992272924,1336572.3567734412
2022-08-25,1236116.5600466414,1625787.6200554469,1355441.5635294903
2022-08-26,1205481.5140570463,1575979.2665212492,1309560.8393848904
2022-08-29,1203390.2792367402,1568233.8823224457,1300902.151168633
2022-08-30,1193763.7553426046,1548058.2411172644,1286620.7885709289
2022-08-31,1187551.819281207,1534261.4949105764,1276830.88379938
2022-09-01,1201399.266676057,1531545.547761229,1280837.2973812
2022-09-02,1184883.1373450574,1525023.133085969,1267331.5905633143
2022-09-06,1180259.089561195,1517735.8613532952,1262549.8324600146
2022-09-07,1200935.832105226,1533935.3598275867,1285231.4351001494
2022-09-08,1202741.6340001603,1550503.674621318,1293632.2976592577
2022-09-09,1208835.1837909508,1574441.0716207419,1313729.0035500084
2022-09-12,1214485.4693650072,1590161.4161360865,1327848.511811635
2022-09-13,1180811.808929936,1526975.7944584275,1270110.401257653
2022-09-14,1188122.7598874264,1537150.889354054,1274956.9010953836
2022-09-15,1176585.0388251022,1516197.2741024531,1260481.9358110637
2022-09-16,1182470.0511766172,1505445.1748826073,1250866.0244507983
2022-09-19,1187314.9897369589,1511756.3193310252,1260565.9755624887
2022-09-20,1183109.8647684709,1495300.2638470214,1246096.9241866022
2022-09-21,1175512.0351548619,1470753.6599084188,1224360.1981097106
2022-09-22,1175886.8938153556,1463003.0189922214,1214075.8075908883
2022-09-23,1166698.7479153022,1426339.4827836002,1193734.1413876507
2022-09-26,1164143.2020695878,1407377.3805953022,1181924.7925151943
2022-09-27,1144268.031927508,1406864.4745785797,1178907.7654390389
2022-09-28,1155176.156041988,1441894.9731364206,1202104.3968767952
2022-09-29,1140622.9382113295,1421207.1275476739,1176993.8379149206
2022-09-30,1123162.248311206,1398309.608362049,1158793.0065646488
2022-10-03,1138012.0670821602,1441802.947229791,1189386.7961722724
2022-10-04,1150181.1427535105,1489111.5905690107,1226241.7547666132
2022-10-05,1142126.8954292652,1495377.4427768118,1223386.7895320947
2022-10-06,1121494.6851759946,1485840.2746183963,1210766.820193116
2022-10-07,1106298.1662103015,1450244.003016095,1176993.8379149206
2022-10-10,1107047.937166605,1432593.3798955444,1168006.772151429
2022-10-11,1118016.5096839268,1423547.5393361615,1160610.1327454592
2022-10-12,1127866.219798406,1428287.9082085632,1156781.8626861044
2022-10-13,1147623.7575587614,1472836.1719680822,1187310.2880426198
2022-10-14,1131305.8695704478,1440828.6107983873,1160253.1194310726
2022-10-17,1146283.695745176,1473529.7166324337,1190068.3481810507
2022-10-18,1158977.677415312,1490731.857068258,1204050.9027736883
2022-10-19,1155023.544815217,1487245.8351696504,1195518.4816901274
2022-10-20,1146762.3947507173,1481322.5917592652,1185493.5768729274
2022-10-21,1164959.603363223,1522195.983788167,1214302.8186725152
2022-10-24,1186437.7191670998,1539449.5486422437,1229161.6692411217
2022-10-25,1196537.3232326799,1556449.7489233972,1248789.6200739248
2022-10-26,1204770.1697403213,1561286.3790942973,1239381.2142727333
2022-10-27,1206179.1254597397,1558233.094146671,1232762.8244660704
2022-10-28,1229361.8636182481,1587606.8269101807,1262091.0376689022
2022-10-31,1222151.1258705375,1580617.5128793241,1252974.5921893278
2022-11-01,1218516.537102268,1583433.934180517,1247491.6728019174
2022-11-02,1199308.7498992241,1549719.3353013082,1216184.6865877565
2022-11-03,1198368.3493662782,1546378.75936995,1203661.6223448655
2022-11-04,1206711.2154463143,1572456.539340364,1220986.1577191683
2022-11-07,1216936.522285962,1592704.1611288195,1232665.6081116444
2022-11-08,1221249.3649026884,1600624.538505362,1239316.161279964
2022-11-09,1207384.332405998,1561981.7885394925,1213783.743516492
2022-11-10,1243396.5147018563,1641178.0700284545,1280486.3017280265
2022-11-11,1240692.3440580731,1661191.0639974538,1292879.4674909373
2022-11-14,1226857.2951782406,1651827.9361046858,1281881.1540961214
2022-11-15,1248843.0428063327,1666011.2197610915,1292814.4144981678
2022-11-16,1253586.6225988956,1647863.1370269915,1282951.882780943
2022-11-17,1253313.3926982884,1648321.729118515,1279026.2926143822
2022-11-18,1264689.1338908246,1652021.4227800267,1284833.5431906253
2022-11-21,1278214.0393127864,1645885.2641053605,1280161.6592808554
2022-11-22,1286152.3264703343,1676251.2060368662,1297389.0820535114
2022-11-23,1291242.4243667994,1676983.5333852111,1305564.593575465
2022-11-25,1291569.836578805,1677285.2322126112,1305272.3219955093
2022-11-28,1290423.4762684242,1653205.953506037,1284444.4702673617
2022-11-29,1283805.7433885813,1655667.7596206928,1282238.167410508
2022-11-30,1304693.7644213177,1695261.312537783,1322629.3319898075
2022-12-01,1294507.3602742495,1689506.0019592901,1321656.1309177508
2022-12-02,1295630.2475877486,1681549.7074297834,1320131.3800696754
2022-12-05,1284238.8409577499,1645500.7669948842,1296383.3026086802
2022-12-06,1272721.8551045186,1620527.979721014,1277696.0782279389
2022-12-07,1275184.966371072,1617449.7314968223,1275522.35374386
2022-12-08,1282585.2304512842,1627868.4353715156,1285514.783941065
2022-12-09,1269424.7344763824,1609793.8489318166,1275911.9454310213
2022-12-12,1284767.7678092218,1639744.126289989,1294307.0019845865
2022-12-13,1286068.111280677,1654714.7523400546,1304104.4807090415
2022-12-14,1287327.387576425,1644972.8062858994,1295766.907345451
2022-12-15,1266883.680391608,1612838.1711629718,1264070.0181857904
2022-12-16,1250700.6347592245,1594593.5438347808,1249146.2183771934
2022-12-19,1248847.8272143765,1587884.05994535,1238553.9933614852
2022-12-20,1251151.7756134272,1592726.9970441808,1240248.7950152217
2022-12-21,1264083.798222193,1621173.526769983,1258793.5668296586
2022-12-22,1257038.4083367651,1597083.3969010694,1240835.6207362828
2022-12-23,1262459.1029238699,1612616.3268152399,1247973.085698969
2022-12-27,1262191.7554689473,1611707.977770903,1243051.676354413
2022-12-28,1249283.3288457461,1593372.5085154108,1227603.302492477
2022-12-29,1256107.4852230775,1616298.0198886264,1249700.3619727008
2022-12-30,1251555.9695063035,1615551.3309658517,1246408.5975363315
2023-01-03,1251198.5933773885,1605335.3113585147,1241161.19695847
2023-01-04,1251890.783265982,1617777.3428612559,1250743.4924181653
2023-01-05,1240335.8804921638,1609320.6914597712,1236468.1474816743
2023-01-06,1269626.248587863,1643660.9437189659,1264822.9521068903
2023-01-09,1255621.1601136185,1642244.583073924,1264106.1241530695
2023-01-10,1252779.4553518095,1653576.8651660322,1272970.8653894872
2023-01-11,1252651.8618324301,1667752.4346923092,1289071.2217180335
2023-01-12,1240573.3963354067,1677973.9205144215,1293764.5824531675
2023-01-13,1245344.242227743,1688507.5972151041,1298783.8306688275
2023-01-17,1250123.5634579756,1684448.3480998278,1296404.5719284858
2023-01-18,1215998.6229555132,1656715.8402022307,1275936.6385925517
2023-01-19,1201949.6354806412,1648841.921722301,1266648.2747572844
2023-01-20,1212202.5079835146,1675140.8819585894,1290244.7694073762
2023-01-23,1212730.871204501,1692070.9757862824,1305725.8253948663
2023-01-24,1218484.5001665954,1687203.2927336935,1304324.332848881
2023-01-25,1223563.805927361,1689950.372046063,1304813.1121932797
2023-01-26,1220982.033825956,1711097.8811669548,1319153.51012254
2023-01-27,1217695.609704951,1707107.6365975174,1322184.751329492
2023-01-30,1215502.9314115231,1686878.6932471546,1305595.4081509882
2023-01-31,1222609.356348937,1705146.773607506,1324792.058679256
2023-02-01,1225138.7971419236,1713621.6514091305,1338871.9333790992
2023-02-02,1217928.4365649032,1713053.989617585,1358361.478004
2023-02-03,1208702.7848686648,1701301.1478635275,1343923.241203636
2023-02-06,1210286.566149189,1690940.1792872255,1335710.0674227104
2023-02-07,1208066.364904434,1714169.6865443855,1353179.5454300262
2023-02-08,1197013.2311242076,1702139.2542503728,1338382.842776362
2023-02-09,1196775.9226632384,1688053.0454284102,1326780.0656879637
2023-02-10,1207204.3353390177,1705785.8797878572,1329876.3598876852
2023-02-13,1223051.3610773208,1724501.2150637098,1345487.9368718327
2023-02-14,1212643.7365456738,1723623.4738375086,1344868.532777997
2023-02-15,1217245.511197413,1716017.180007788,1349235.9022798259
2023-02-16,1204811.7253911064,1693978.1355531197,1330658.655845394
2023-02-17,1220188.1714631647,1681800.1576040438,1327334.2092834706
2023-02-21,1217216.9331879776,1656346.2064300196,1300706.7846847656
2023-02-22,1211878.5387604614,1648767.437888472,1298914.1441599259
2023-02-23,1206337.2071076422,1663214.9544787602,1305823.56051319
2023-02-24,1201868.360749414,1647976.6498017698,1291874.4143155634
2023-02-27,1199036.1960893006,1650245.3803167904,1296274.1546846079
2023-02-28,1191368.9086344023,1640595.133986564,1291483.266336709
2023-03-01,1180071.6250780716,1645618.2237310894,1286529.278619378
2023-03-02,1195093.6738850782,1662782.5140054347,1296534.8854195843
2023-03-03,1197467.5602161286,1686602.2741593122,1317328.3949777056
2023-03-06,1201266.7275203797,1686883.9918270113,1318241.0044265124
2023-03-07,1188251.8341444344,1659404.94642306,1298034.2168366727
2023-03-08,1184474.8004399627,1656727.6169356112,1300152.6410892585
2023-03-09,1173682.1944616025,1628936.5287475707,1276164.9984603126
2023-03-10,1175056.278823513,1612249.8880115184,1257750.540136974
2023-03-13,1183718.3065367176,1595931.1847486866,1255958.210870473
2023-03-14,1191190.0876032086,1625501.8876364399,1276719.03830304
2023-03-15,1203437.7728250413,1601589.1028081486,1268734.2243898753
2023-03-16,1208318.1552856457,1629728.9120655153,1290994.2794867514
2023-03-17,1204698.6939080926,1610827.0289237201,1275899.0800863595
2023-03-20,1219841.2932620163,1626824.3254508143,1288167.6387610463
2023-03-21,1216640.7249803212,1649566.7681369155,1305082.0393978392
2023-03-22,1208915.3548972455,1625765.3446026756,1282834.9533984053
2023-03-23,1210695.2164882768,1624680.890040457,1286302.7863016487
2023-03-24,1228614.4136341575,1627538.3780273693,1294743.5936808784
2023-03-27,1235213.1684655047,1643019.8886252586,1297164.561038594
2023-03-28,1236761.5832962436,1645021.62323329,1294252.9467864481
2023-03-29,1242981.971497159,1665561.5413364125,1313064.6745026335
2023-03-30,1246916.53973289,1671947.63974401,1320752.9629718817
2023-03-31,1256634.1086661622,1692753.498931232,1339368.4941819627
2023-04-03,1264573.5211370357,1712544.1619096426,1344472.1971601655
2023-04-04,1263227.6154584438,1697088.2008944345,1337012.8910753557
2023-04-05,1281285.5221563135,1704738.867370167,1333512.2722937784
2023-04-06,1285902.5860505619,1701031.7022620097,1338714.2291542029
2023-04-10,1280400.9769520245,1706971.4739999752,1340088.227213611
2023-04-11,1278437.2298126942,1711530.152882644,1340448.2493586042
2023-04-12,1277852.645995556,1707042.1269592098,1334984.524235408
2023-04-13,1287063.7944144208,1725679.9621543149,1352716.6005277322
2023-04-14,1281926.2471097829,1729462.7111917746,1349412.5932633777
2023-04-17,1286630.0248991095,1731147.550144999,1354254.424226029
2023-04-18,1283954.3567028511,1732216.190944178,1355137.6716382273
2023-04-19,1286499.2378071805,1730727.9159034307,1354908.4817482303
2023-04-20,1292143.8088180416,1721816.2105945072,1347515.058678426
2023-04-21,1302340.0129779049,1721606.63258605,1348561.8204711745
2023-04-24,1305846.827695626,1725419.6783211143,1349968.604408916
2023-04-25,1310646.8620214737,1696795.8497281333,1328539.401570572
2023-04-26,1300125.1531169277,1682795.4741000016,1322912.1620668257
2023-04-27,1305573.9885721002,1699543.4359598553,1349248.5601189295
2023-04-28,1309663.1511838483,1717512.0685698176,1360765.0148947528
2023-05-01,1313558.9845818586,1717951.2914224174,1359391.0168353447
2023-05-02,1312696.0810089747,1688171.8048879523,1344112.3825207313
2023-05-03,1307196.9332155588,1667841.0072821507,1334886.2703531864
2023-05-04,1308427.987475916,1654684.8420711614,1325431.279553983
2023-05-05,1315244.7278976312,1685506.2981096213,1349968.6044089156
2023-05-08,1314005.6886871518,1687935.6004007587,1350328.4190483498
2023-05-09,1310449.2228094735,1683801.781316687,1344406.625403498
2023-05-10,1310876.1667926982,1683169.535294655,1350688.233687784
2023-05-11,1313907.3590732568,1675312.894123064,1348332.6305811768
2023-05-12,1319650.468131423,1670673.4102823653,1346566.032004001
2023-05-15,1314121.1225761913,1680233.0773276666,1351211.7702133278
2023-05-16,1304376.347236629,1663882.870996264,1342182.165810226
2023-05-17,1300106.3238222909,1688878.1164818797,1358474.7760392542
2023-05-18,1297495.1616955036,1701337.1775602903,1371561.217875031
2023-05-19,1297728.99648599,1701641.2337821813,1369565.6369134171
2023-05-22,1271146.7796341332,1699318.4784608358,1370121.751811735
2023-05-23,1264234.9544656505,1690673.6949564104,1354745.0711204591
2023-05-24,1256808.4630248456,1681347.7264522794,1344930.369434601
2023-05-25,1248568.24106791,1691959.5724754964,1356577.0339487433
2023-05-26,1248468.3916723556,1712070.5757584737,1374145.6996132967
2023-05-30,1238450.5665564837,1706445.3045485502,1374669.443644399
2023-05-31,1239457.64103989,1694475.4982170456,1367046.41567348
2023-06-01,1247742.057982154,1707360.885330166,1380034.8111325945
2023-06-02,1265565.1466529462,1739460.7878958192,1399991.6582765295
2023-06-05,1265534.2470376745,1731766.8307987032,1397309.0264088218
2023-06-06,1255972.4290623476,1737603.7417409872,1400351.4729159637
2023-06-07,1253803.2084368353,1742116.146470175,1395509.3306949737
2023-06-08,1266415.5415636871,1751633.2519671998,1403950.3455797627
2023-06-09,1268804.5551483498,1755824.078497245,1406469.4630669204
2023-06-12,1267225.3957518653,1767406.883104732,1419228.6686360375
2023-06-13,1269789.7084387296,1774758.748948909,1428585.5093057991
2023-06-14,1279110.8705844549,1777059.9231634664,1430286.7436318668
2023-06-15,1294489.4053117866,1796478.1208487316,1448018.92367697
2023-06-16,1296556.872990721,1793361.0782146256,1443086.7240433418
2023-06-20,1288786.78504007,1774288.515795635,1435599.7159663956
2023-06-21,1292416.9898536324,1767297.5215598524,1428244.1626611226
2023-06-22,1300864.785976051,1762810.8704629757,1433399.7420290941
2023-06-23,1291968.3447752942,1752304.5200507978,1422563.0754647967
2023-06-26,1288100.4137503759,1751409.1644530098,1416750.8447551357
2023-06-27,1291327.5776484474,1763997.6109785063,1432283.0508629375
2023-06-28,1286334.3477611276,1762502.959102656,1433005.792725192
2023-06-29,1283440.9932753877,1775483.7066777584,1438653.5752792868
2023-06-30,1297420.9129804333,1791750.960480395,1455630.8501004793
2023-07-03,1298644.3476796674,1794188.1324438648,1457305.419962206
2023-07-05,1301271.1478843545,1789499.889732634,1455138.1281504582
2023-07-06,1295127.2679274494,1765574.764390991,1443743.3753850318
2023-07-07,1272327.0576217063,1769587.4074300148,1440098.4364871187
2023-07-10,1276498.6239553173,1778879.5717169621,1443743.3753850318
2023-07-11,1274455.5627948015,1797955.6091603083,1452938.050460377
2023-07-12,1275275.3914222054,1811223.224936363,1464628.083636366
2023-07-13,1281786.2595914397,1820885.7404208356,1476252.856314026
2023-07-14,1287314.9184880354,1815627.6969556764,1475333.3991817695
2023-07-17,1281033.440295287,1820286.437229052,1480456.0889186272
2023-07-18,1278656.7405159199,1839091.5869867257,1491456.684874593
2023-07-19,1285394.9738401892,1849373.2353046194,1494773.453730831
2023-07-20,1311421.2964226075,1855371.5543259766,1484856.4518043494
2023-07-21,1320534.2113440915,1865848.0323357678,1484856.4518043494
2023-07-24,1324817.1458924366,1878621.6545742527,1491489.6782584863
2023-07-25,1324048.2991437982,1879555.4878483242,1495561.352338635
2023-07-26,1327070.9360053155,1879235.3877950462,1495791.3722508685
2023-07-27,1316485.6095309115,1863737.342048612,1485874.3703243867
2023-07-28,1328851.119014181,1878452.6283257373,1500421.443790485
2023-07-31,1317311.0585262885,1884555.7896742097,1503278.380327815
2023-08-01,1314213.9480987566,1880957.5038039905,1498976.4788298737
2023-08-02,1317910.5202823952,1859019.3018584666,1478124.660209653
2023-08-03,1316185.9417758377,1860642.9937795915,1473888.537973938
2023-08-04,1301092.3392563926,1857636.3637311119,1467222.5256414677
2023-08-07,1316550.5591510748,1873452.8821913674,1480029.0424780538
2023-08-08,1311451.1032591576,1869178.8443446064,1473593.050057817
2023-08-09,1311229.925584042,1861359.45342525,1463741.8273935618
2023-08-10,1308724.559776021,1863009.6279960675,1464267.1277163574
2023-08-11,1314478.6145771504,1871078.3360573915,1463413.3460935475
2023-08-14,1308834.2517859493,1878428.606829999,1471491.3300027363
2023-08-15,1300458.1483336077,1854783.8079701285,1454350.1257898754
2023-08-16,1295556.5523917296,1840521.5288631967,1443678.0111339237
2023-08-17,1284697.7959048604,1836299.7722747,1432677.3114251783
2023-08-18,1289343.921031649,1839827.871689295,1433366.9561507604
2023-08-21,1280227.860999016,1842701.3381909772,1442692.7747394403
2023-08-22,1275439.7268901048,1829187.5297330937,1438785.03005096
2023-08-23,1283739.6051222128,1842285.9627581073,1454809.7506032235
2023-08-24,1278808.558997162,1820672.3341155814,1434647.4729558052
2023-08-25,1289220.178930898,1833695.0207228095,1444761.397657848
2023-08-28,1291301.9657252755,1843234.5265148736,1453923.0793493006
2023-08-29,1295297.1156273712,1861906.8228061234,1474939.5536306466
2023-08-30,1297157.2148374084,1866162.7119896784,1481014.486378095
2023-08-31,1292132.8811068684,1864909.776271008,1478846.9870607886
2023-09-01,1284350.1033767143,1878715.2491033506,1481605.4622103379
2023-09-05,1272190.1360562483,1872626.1083827615,1475202.0481628757
2023-09-06,1270663.725573745,1864652.3322514636,1465285.046236394
2023-09-07,1278974.9237706892,1864625.8551228843,1460786.3257156713
2023-09-08,1279800.424253944,1871958.2986863414,1462986.1959001934
2023-09-11,1290350.5099935872,1874822.872346023,1472608.1249216723
2023-09-12,1282510.0677290142,1877348.3506833932,1464529.726001365
2023-09-13,1286950.2822766742,1881291.7196701083,1466237.2892469845
2023-09-14,1296930.147660934,1896068.7204246207,1478879.772939123
2023-09-15,1284708.748022738,1872625.8604300213,1461061.9968509015
2023-09-18,1283806.495258121,1875163.22762807,1461918.7873043178
2023-09-19,1281279.9364181808,1864854.9168681442,1458886.9235806887
2023-09-20,1282713.7045304794,1850216.8499030299,1445474.9055227248
2023-09-21,1265589.0927254485,1820603.7534622287,1421583.545473189
2023-09-22,1265866.6729757157,1815285.213289149,1418387.1298412143
2023-09-25,1260184.817942465,1821892.063684664,1424351.6696312353
2023-09-26,1250231.8590180331,1799163.5352184891,1403426.186537543
2023-09-27,1235368.3551870997,1804748.8603412271,1403986.451547043
2023-09-28,1235827.7773777489,1816495.0524228998,1412125.7533489382
2023-09-29,1230176.2277516513,1806837.9770421847,1408698.6952880528
2023-10-02,1227212.4104010575,1798560.1316711921,1408138.5340313327
2023-10-03,1218436.0898649395,1775787.6664827482,1389289.0403033956
2023-10-04,1227222.3762545935,1773774.5305330872,1399405.6625777064
2023-10-05,1199993.273338256,1770753.3870971715,1398878.4947048791
2023-10-06,1191822.9272077042,1786796.1812535648,1415487.2396531564
2023-10-09,1192269.0020853777,1802804.8276976214,1424549.3186762533
2023-10-10,1205991.8959457902,1812511.4370959792,1431963.907313083
2023-10-11,1201840.362336153,1811594.515316351,1437829.674456985
2023-10-12,1191563.7125558094,1805424.263681071,1429063.9133722454
2023-10-13,1200618.5938408133,1807552.702906032,1421946.0576848914
2023-10-16,1210929.042829101,1826377.9544736594,1436907.0009885628
2023-10-17,1213299.9586637127,1828788.129245612,1436840.910467998
2023-10-18,1224744.4140593444,1816354.8916593245,1417694.9950489237
2023-10-19,1218328.606892661,1807325.1970890327,1405238.5400904953
2023-10-20,1209637.8559372756,1784865.2006920225,1387970.8612393788
2023-10-23,1210112.170392268,1774519.677142348,1385565.1455402551
2023-10-24,1223840.6595497949,1775492.2704621172,1396011.4941479343
2023-10-25,1225382.2723885204,1759021.178927404,1375975.6911387716
2023-10-26,1216435.6940771444,1743903.920385077,1359499.1272316244
2023-10-27,1204602.5571720584,1727488.7667753247,1353336.627138247
2023-10-30,1223609.964618482,1747943.3531892241,1369516.9768598161
2023-10-31,1227934.3251617681,1761516.5560456552,1378117.667272312
2023-11-01,1233160.958651723,1773325.7742574012,1392815.0785159592
2023-11-02,1247516.7785368997,1813062.256499463,1419507.4523546544
2023-11-03,1243327.4922018615,1825909.0096445598,1432458.2893075766
2023-11-06,1246940.601874158,1826451.4339115378,1435753.5813384498
2023-11-07,1248941.7572884904,1823120.747527995,1439839.6770549542
2023-11-08,1244767.4969062682,1821373.8824086876,1440894.116553388
2023-11-09,1240511.6952639956,1803307.475594465,1429657.275518417
2023-11-10,1247912.3170528042,1827868.0159824814,1451966.5094327934
2023-11-13,1255389.8425544947,1829510.3603771492,1450582.6548593296
2023-11-14,1258179.3125721968,1861588.8364748592,1478725.0775448333
2023-11-15,1258396.3259478651,1865834.515174271,1481855.5064090227
2023-11-16,1246133.786260077,1857029.708677885,1483667.9637147537
2023-11-17,1240895.6174273905,1866706.2040261994,1485513.4144043778
2023-11-20,1242703.0856623466,1876440.2476055846,1496948.2157427059
2023-11-21,1248428.691957376,1872062.1568546263,1493685.8133429457
2023-11-22,1253966.2077424962,1879418.9697018468,1499452.7040879487
2023-11-24,1258226.8893834986,1883741.167648781,1500375.377556371
2023-11-27,1256482.89729308,1878702.1542535971,1497673.2401661105
2023-11-28,1262770.0370870198,1877558.2611078457,1499156.1786440325
2023-11-29,1251188.343453618,1882481.4984257172,1498101.7391455981
2023-11-30,1263845.3538462427,1896941.1289577598,1504000.1884150542
2023-12-01,1265398.4810408684,1907577.2328092605,1512897.8192825853
2023-12-04,1264861.7768927787,1900124.467537918,1504956.0627729283
2023-12-05,1257345.3432267667,1890483.431382777,1504659.226070673
2023-12-06,1253807.6293744794,1876143.3092423952,1498596.0173873124
2023-12-07,1252363.9303113543,1883624.8318735193,1510030.8187256402
2023-12-08,1243110.038665056,1893309.6769844724,1516522.7338940478
2023-12-11,1253071.334590351,1908925.4933785738,1522421.286916283
2023-12-12,1258027.6372797096,1909128.7585594296,1529374.5906952913
2023-12-13,1278390.9807043143,1936080.5937698346,1550464.9369556678
2023-12-14,1254033.0721911353,1952606.5110564039,1555440.7127567015
2023-12-15,1247648.2470168688,1955003.322518033,1552879.7828993907
2023-12-18,1262335.4395758337,1966157.3288385894,1561614.8331613876
2023-12-19,1261435.0126692855,1982512.862497971,1571110.8063085082
2023-12-20,1244445.4509115976,1954633.9325927075,1549339.5305560306
2023-12-21,1252447.0274197492,1971665.753426693,1564030.0941162284
2023-12-22,1259968.8743870181,1972797.5012223788,1567173.4920778598
2023-12-26,1264540.002886449,1983800.3409374168,1573790.9481095069
2023-12-27,1270040.9497650347,1985820.8897326181,1576636.5755938673
2023-12-28,1270238.801624104,1982886.3661843142,1577232.1165484095
2023-12-29,1273808.4455794794,1979698.6935829876,1572665.9567209878
2024-01-02,1292693.4409581693,1982271.9144899016,1563864.8159384262
2024-01-03,1292368.7811304356,1977866.1100551644,1551093.2637885439
2024-01-04,1287186.1396892949,1970008.2182186195,1546096.944937162
2024-01-05,1279087.430327952,1972617.4704246256,1548214.6429202913
2024-01-08,1287107.3472445353,1988907.9102772465,1570316.8900394915
2024-01-09,1286335.089230396,1978846.393990806,1567934.5187157637
2024-01-10,1292154.9648981832,1979855.1847299922,1576801.9575244493
2024-01-11,1289126.3196069004,1982826.9739348188,1576107.1251598904
2024-01-12,1295174.355921649,1986909.431520966,1577199.0194117373
2024-01-16,1288435.764315778,1973032.2036994842,1571408.5767857796
2024-01-17,1287813.4753559069,1963390.9795585878,1562673.734029342
2024-01-18,1293335.9379502034,1972387.0930620746,1576570.3813205229
2024-01-19,1289420.9152736298,1997739.1759272686,1596224.062842651
2024-01-22,1288210.5190388737,2000880.5188000323,1599598.9332554294
2024-01-23,1301984.5707493948,2007218.5955689172,1604264.176987309
2024-01-24,1286981.3081970154,2014603.7973158264,1606017.9102198223
2024-01-25,1299204.3924579495,2029212.739612665,1614752.9604818188
2024-01-26,1304066.751396271,2032914.6493253806,1612701.456772034
2024-01-29,1307199.554118078,2042674.8406223978,1625473.2164274754
2024-01-30,1313184.4644689942,2054272.3915771476,1624215.9402450465
2024-01-31,1308269.2354742435,2025535.1055628238,1597712.9152290062
2024-02-01,1328628.5290989147,2044261.6885320297,1618624.1841919017
2024-02-02,1323964.505413203,2051209.8612210487,1635664.2294447143
2024-02-05,1314277.1797886395,2047402.4338423358,1629708.0936298359
2024-02-06,1319493.7578754092,2052863.6858205572,1634439.739140619
2024-02-07,1320811.5454417602,2066120.20405916,1648071.7130912011
2024-02-08,1324103.9624382232,2067538.4862813465,1648799.5388396531
2024-02-09,1310749.866004891,2066843.9915424997,1658328.5053706663
2024-02-12,1317959.5274252284,2069741.5651510474,1657600.783374994
2024-02-13,1308071.0062102184,2044054.4653469147,1634770.7105073417
2024-02-14,1303802.130687136,2057848.2886517304,1649626.8635036803
2024-02-15,1312399.7275814419,2077497.362481295,1661008.8546772236
2024-02-16,1312375.1605629725,2069890.9698673273,1652736.8530703005
2024-02-20,1332148.8815862956,2060197.704724823,1643638.0455632473
2024-02-21,1335653.1401334512,2069651.205453452,1645127.0017023822
2024-02-22,1340471.5454897734,2102160.6882244553,1679173.4763074368
2024-02-23,1346301.7791241305,2104954.0045885686,1680331.6685854082
2024-02-26,1344808.9610146864,2102778.325340456,1674177.4687143934
2024-02-27,1340229.5743276242,2099559.0269435556,1677287.5620337937
2024-02-28,1341461.660577894,2094558.2141089782,1675070.780146207
2024-02-29,1332216.2058417099,2103607.8374139946,1681092.5914705326
2024-03-01,1329944.4628685545,2122066.052480437,1696875.153035357
2024-03-04,1331911.3679865787,2123969.093255455,1695055.5367878377
2024-03-05,1330033.5447775777,2110534.566671656,1678114.6791922625
2024-03-06,1334764.5137603038,2123659.976670745,1686618.257003112
2024-03-07,1334203.7163554747,2140335.1339737386,1703360.3242730943
2024-03-08,1334634.2295161176,2129902.1409916384,1693136.3178719627
2024-03-11,1347518.053113043,2137532.822361719,1691680.5626222794
2024-03-12,1354301.5696928615,2156312.3662081924,1709878.592647504
2024-03-13,1350506.2651525594,2158580.9323992277,1707198.3470937256
2024-03-14,1344171.356823053,2153602.5517105823,1703823.5804337265
2024-03-15,1338169.2162907033,2139499.439920656,1692124.0020020204
2024-03-18,1346926.2692625287,2147787.3682714184,1702180.655169759
2024-03-19,1349383.599768468,2159521.5791379088,1711639.796080144
2024-03-20,1352473.864425238,2172988.7747840974,1727471.3289569097
2024-03-21,1352855.0330585479,2185505.865645712,1733180.2218981518
2024-03-22,1348510.7086014901,2172429.070163516,1729894.3713702161
2024-03-25,1344693.2576084535,2167812.066204215,1725115.1033336255
2024-03-26,1346800.7317456289,2163721.6553331222,1721928.7517212655
2024-03-27,1358967.7322032407,2184777.8317480767,1736399.4631416246
2024-03-28,1359726.4971708206,2194204.97639502,1736067.4542471063
2024-04-01,1349581.958225515,2189844.8075904,1733047.2108347854
2024-04-02,1340940.313091832,2181052.050937065,1722028.2506368416
2024-04-03,1324701.9136486272,2178156.7318967856,1723919.9750661391
2024-04-04,1318409.6459898353,2150340.0567564815,1702877.7700954678
2024-04-05,1321014.1331488136,2168131.572166617,1720667.3254276551
2024-04-08,1318838.410908087,2163891.7619888284,1721629.8399634196
2024-04-09,1324753.3360167278,2168364.0004571415,1723621.2708138519
2024-04-10,1319648.908191501,2147964.2558926875,1706362.5147017755
2024-04-11,1312174.438350419,2151792.561120047,1719240.3096979035
2024-04-12,1305466.670718643,2118321.454405891,1695509.4551983115
2024-04-15,1302467.1671433365,2104089.9883274618,1674267.9411381497
2024-04-16,1297871.5616633783,2098543.964372111,1671214.3930835975
2024-04-17,1304383.7655469086,2092441.0829858137,1661323.7443631182
2024-04-18,1312740.6976779976,2089525.8449583226,1657905.2977829343
2024-04-19,1327715.131611927,2092010.8675576006,1643434.4826097956
2024-04-22,1341868.5204827436,2110588.658512659,1658569.1080664115
2024-04-23,1332009.2469265885,2129338.8562665377,1678250.5953334556
2024-04-24,1349134.368213905,2128830.3267474575,1677454.18899773
2024-04-25,1347200.0572842837,2122393.7217373266,1671081.58952579
2024-04-26,1341962.2638816466,2124551.0979963825,1686913.3299081146
2024-04-29,1346343.8787411165,2128120.364678388,1692887.622459412
2024-04-30,1339317.408764602,2093283.3016530017,1666070.0190158156
2024-05-01,1349134.0004614543,2076868.4594343521,1660659.93407964
2024-05-02,1352544.663145552,2089857.4564394355,1676192.970209678
2024-05-03,1354340.169022952,2101777.8597913883,1696969.879323073
2024-05-06,1353613.1663658633,2119700.7934634257,1714494.1387979845
2024-05-07,1363500.9378868917,2122674.4221287477,1716386.0707328408
2024-05-08,1361555.0873464926,2122941.0540409526,1716551.9714273205
2024-05-09,1366983.087726534,2136930.8831221475,1726442.6201478
2024-05-10,1374602.6302527515,2139398.264691683,1728666.353471616
2024-05-13,1376711.8764853883,2137412.986290393,1728898.4484394402
2024-05-14,1370438.3511312217,2145033.0607916666,1736831.0747044978
2024-05-15,1373600.3000259735,2166856.8978089057,1758338.4033858334
2024-05-16,1403556.2530478013,2167202.567561864,1754720.3364578204
2024-05-17,1403521.9286572202,2178202.373670907,1757242.7740339232
2024-05-20,1391907.1648711436,2167317.229040946,1759267.4057738075
2024-05-21,1400009.3632251318,2170015.670715461,1763582.068863632
2024-05-22,1404665.9179765638,2162889.001334167,1758503.7853164156
2024-05-23,1383335.9957782535,2140104.5670382236,1745659.3987152986
2024-05-24,1379198.2464577837,2144728.641106498,1757209.98815559
2024-05-28,1361248.3471966428,2140690.5089551155,1758437.383537512
2024-05-29,1353298.8753969374,2114530.773949745,1746124.0036620651
2024-05-30,1356752.74520138,2101125.7646628628,1734540.73209622
2024-05-31,1375444.064145925,2131204.812572074,1750339.479094652
2024-06-03,1378464.5036725358,2123637.196993706,1751766.4948244037
2024-06-04,1393857.24653947,2126697.962510133,1753724.7247853843
2024-06-05,1388202.5881610026,2137298.5228609694,1774568.035677683
2024-06-06,1394645.6650890694,2143005.3027206096,1774534.419777113
2024-06-07,1384162.9535643235,2143767.811613835,1772377.3994905397
2024-06-10,1381574.632749127,2145746.0916406964,1777853.2636889413
2024-06-11,1379804.9562839975,2138680.364375321,1782135.348405991
2024-06-12,1368280.5147298193,2139486.5711577726,1796771.9605208298
2024-06-13,1371267.578197204,2139890.0549575356,1800390.0274488425
2024-06-14,1373661.1183394182,2144353.168526593,1801485.2417896348
2024-06-17,1379049.2403979062,2157053.648352854,1815823.0458994068
2024-06-18,1379145.2082665442,2163694.0439533633,1820436.5169942975
2024-06-20,1383528.053410233,2173888.6628588443,1815491.2445104476
2024-06-21,1393239.3534096258,2172130.7014608164,1813057.4118080696
2024-06-24,1404365.306786519,2184657.66101271,1807163.6314136928
2024-06-25,1389572.9145615941,2180703.2078512064,1814122.537842796
2024-06-26,1393695.1970042293,2175931.625749113,1816387.2535145287
2024-06-27,1388201.6410921451,2176094.4840915594,1819250.4152186306
2024-06-28,1380872.8169942927,2175130.4802092114,1812091.4734305802
2024-07-01,1370111.674649578,2177907.080681149,1815820.970843816
2024-07-02,1372774.1598359384,2182714.7322949166,1828040.9732176797
2024-07-03,1373618.5617233454,2185517.7496968326,1836198.846767112
2024-07-05,1388765.477293186,2187800.670248602,1846787.4404355364
2024-07-08,1380432.7468644066,2184428.67096271,1848918.1075161074
2024-07-09,1380480.2314992684,2182794.5477228756,1850715.9356799242
2024-07-10,1393387.9024692203,2200798.1481029186,1869029.5463015526
2024-07-11,1392998.5697300136,2202538.771249309,1852913.834561635
2024-07-12,1397457.2924684666,2208903.0560863325,1864600.9626597967
2024-07-15,1389551.8088511243,2218251.5928066303,1869728.8400356316
2024-07-16,1405753.402542454,2242010.300270812,1880816.692079188
2024-07-17,1435329.5300469066,2244530.973916386,1854445.4330931597
2024-07-18,1430324.0327276925,2218217.716309623,1840194.3663070803
2024-07-19,1428005.224654095,2206985.74276753,1827974.1564276575
2024-07-22,1423366.4864772125,2213208.99984706,1846820.2263138695
2024-07-23,1415107.1940439092,2210168.2832248714,1843923.8637203157
2024-07-24,1429746.1648172894,2190317.1805821373,1802135.7717173307
2024-07-25,1434608.3039070982,2198828.7439675545,1792746.1451692358
2024-07-26,1445387.076242214,2225302.5972878686,1812824.17555967
2024-07-29,1446561.9565930276,2215525.256244551,1813889.7166055145
2024-07-30,1441880.8580155452,2221446.8106711805,1804699.9179108075
2024-07-31,1426717.1018082104,2236747.411434961,1834034.3562804118
2024-08-01,1454429.8508800596,2206564.695085224,1808062.5454956007
2024-08-02,1476172.0821807466,2155017.564061571,1774399.5411637146
2024-08-05,1448250.8402006454,2099407.705538979,1722722.4604847229
2024-08-06,1447890.2437607993,2111323.4751226273,1738605.1434818
2024-08-07,1447496.55076864,2098369.493429623,1726984.3134097625
2024-08-08,1456264.2767247416,2146513.1508048372,1766907.7604589092
2024-08-09,1453249.2852804556,2151227.2341825753,1774699.1791910168
2024-08-12,1447987.9929929962,2153534.2120985496,1775631.501667936
2024-08-13,1450169.059535612,2184918.805723191,1804832.9289741737
2024-08-14,1458707.6551292024,2196558.5054221437,1810526.6740096032
2024-08-15,1478694.3639769375,2233101.852206252,1841559.5453802273
2024-08-16,1486928.0126298766,2239341.4359227363,1845688.2834891214
2024-08-19,1499842.4934986506,2255534.973898122,1863335.8012661226
2024-08-20,1509963.2109460656,2241908.2756360406,1860306.012598084
2024-08-21,1516397.8918495101,2245949.035534107,1866698.6363564746
2024-08-22,1517098.1651072463,2233984.234686115,1852047.7063580598
2024-08-23,1518395.1748636826,2260512.557568954,1871726.4960528356
2024-08-26,1525697.7268728511,2260767.176820777,1867264.9190271872
2024-08-27,1526824.6150915597,2260311.754425898,1869828.8577151047
2024-08-28,1522214.3457580463,2246883.838832076,1858974.0344143882
2024-08-29,1524250.3686896118,2255858.906246504,1859140.0388616477
2024-08-30,1534212.5282935454,2278492.3777471893,1876887.366812564
2024-09-03,1546219.017069387,2235519.654814697,1838263.112068779
2024-09-04,1549239.7071826586,2228289.783401353,1834500.6212716505
2024-09-05,1546309.0208962345,2213800.2268684455,1830038.6292348837
2024-09-06,1543233.0896950972,2182503.3778525465,1799238.9941126588
2024-09-09,1549877.0554837107,2204187.8933889694,1819383.6337875556
2024-09-10,1556640.7646840804,2207678.0980290216,1827308.271088589
2024-09-11,1543427.4509116071,2214603.7620165693,1846054.3232953276
2024-09-12,1551298.1323940663,2225375.9424046283,1861604.3748812096
2024-09-13,1561638.2911874761,2233096.57378718,1871327.4628627368
2024-09-16,1573500.401266518,2249956.140145912,1874090.8143929243
2024-09-17,1560328.5103996748,2254200.777902145,1874856.302400348
2024-09-18,1554988.350870592,2247561.3123415895,1869296.190944962
2024-09-19,1540199.139478419,2279100.2519245083,1901194.7755080424
2024-09-20,1548693.153486718,2279554.650654051,1897908.0949578704
2024-09-23,1554209.4112169684,2286552.1057058647,1902650.634510505
2024-09-24,1547729.2220001894,2284395.0873127272,1908094.33534725
2024-09-25,1548436.2795570386,2271797.0348050753,1903886.33011479
2024-09-26,1543474.468774098,2278966.6434657993,1911434.759837222
2024-09-27,1545893.7501642574,2283803.3501567515,1908662.4855679944
2024-09-30,1549589.966352282,2291826.2179019973,1916310.9329699003
2024-10-01,1553694.7466882344,2287686.7844962575,1899143.9980677143
2024-10-02,1535494.2387882753,2290546.886454322,1899945.3845368577
2024-10-03,1523509.4180029153,2296056.68292996,1896471.7414779603
2024-10-04,1519637.3446533259,2317248.884943735,1913705.9081812862
2024-10-07,1500081.6762688677,2306338.57458368,1896404.9246879385
2024-10-08,1510618.1953737945,2305044.294566722,1914340.2526753752
2024-10-09,1525247.8339395272,2325757.372051376,1927599.8579001995
2024-10-10,1518879.1923076315,2321935.987436724,1924226.6475318933
2024-10-11,1530203.1702277912,2341516.451108073,1935749.2237217096
2024-10-14,1539041.9301716457,2349326.6876693466,1951580.4453401365
2024-10-15,1550919.606755636,2321814.675666449,1936417.1841163684
2024-10-16,1542934.3039738936,2335918.69455613,1944834.0246035252
2024-10-17,1537264.1427833699,2338227.117650752,1945001.0665785798
2024-10-18,1539419.5744684804,2337910.7556075947,1952482.264499872
2024-10-21,1523546.7799052668,2323284.3820681586,1949275.8886010617
2024-10-22,1528172.9414685743,2322597.563548537,1948240.4358612827
2024-10-23,1523582.434099709,2302091.1102387053,1930438.7414538898
2024-10-24,1516541.6009956435,2295107.6941176136,1934613.5457968977
2024-10-25,1504322.8634788739,2286135.1398895057,1933945.792907798
2024-10-28,1503377.836144507,2294025.933683595,1939924.0280647178
2024-10-29,1485048.4717882646,2283471.2941807765,1943063.7946790657
2024-10-30,1484396.087647673,2275434.674225292,1937185.5772016193
2024-10-31,1475187.0569396652,2260723.292236973,1899210.814857736
2024-11-01,1472595.0798047923,2269501.794248795,1907226.5470992026
2024-11-04,1477021.991021348,2267809.040423532,1903118.144535098
2024-11-05,1487022.0732948768,2291165.831699884,1926130.5110363965
2024-11-06,1476809.028430751,2355739.663668889,1974024.6616206905
2024-11-07,1484653.695950964,2356324.134380154,1989288.3555350504
2024-11-08,1505038.4701731815,2369347.5359449843,1997905.2313811544
2024-11-11,1494583.939813918,2378551.26747322,1999808.8873800987
2024-11-12,1493089.1619644817,2365438.767608272,1993596.5859525434
2024-11-13,1498621.158813167,2373978.301359249,1994565.0143967418
2024-11-14,1489882.6668049358,2362811.3960738075,1981739.9258126186
2024-11-15,1473906.3922405704,2335377.454776339,1956356.393287782
2024-11-18,1476831.8759539293,2344118.5707450993,1964372.540540367
2024-11-19,1483347.7663627767,2340928.8731820174,1971552.855401002
2024-11-20,1492806.9469921396,2346517.2988978634,1972221.2308067793
2024-11-21,1512744.3122946196,2368520.117454622,1982808.7869474085
2024-11-22,1532767.3803087662,2385855.4361175112,1988954.064079383
2024-11-25,1537763.5946891557,2389457.2744405586,1995700.8998271127
2024-11-26,1551173.9736330195,2394108.5049381293,2006121.4139926876
2024-11-27,1554470.626848983,2388751.7392296325,2000042.746145176
2024-11-29,1556470.2826925702,2398738.8516618065,2012467.1414947275
