Ticker,AAPL,ABBV,ABT,ADBE,AMD,AMZN,AVGO,AXP,BAC,BLK,BMY,C,COP,COST,CRM,CSCO,CVX,DHR,EOG,GS,HAL,HD,INTC,JNJ,JPM,KO,LLY,MCD,MPC,MRK,MS,MSFT,NKE,NVDA,ORCL,OXY,PEP,PFE,PG,PSX,SBUX,SLB,SPGI,TMO,UNH,V,VLO,WFC,WMT,XOM
AAPL,0.0,0.0,0.0,0.6679531216570779,0.0,0.6239793255797857,0.6219059914930298,0.0,0.0,0.0,0.0,0.0,0.0,0.0,0.0,0.0,0.0,0.0,0.0,0.0,0.0,0.0,0.0,0.0,0.0,0.0,0.0,0.0,0.0,0.0,0.0,0.7498582750580085,0.0,0.6373916397778417,0.0,0.0,0.0,0.0,0.0,0.0,0.0,0.0,0.0,0.0,0.0,0.6278132438517698,0.0,0.0,0.0,0.0
ABBV,0.0,0.0,0.0,0.0,0.0,0.0,0.0,0.0,0.0,0.0,0.0,0.0,0.0,0.0,0.0,0.0,0.0,0.0,0.0,0.0,0.0,0.0,0.0,0.0,0.0,0.0,0.0,0.0,0.0,0.0,0.0,0.0,0.0,0.0,0.0,0.0,0.0,0.0,0.0,0.0,0.0,0.0,0.0,0.0,0.0,0.0,0.0,0.0,0.0,0.0
ABT,0.0,0.0,0.0,0.0,0.0,0.0,0.0,0.0,0.0,0.0,0.0,0.0,0.0,0.0,0.0,0.0,0.0,0.6587583443291443,0.0,0.0,0.0,0.0,0.0,0.0,0.0,0.0,0.0,0.0,0.0,0.0,0.0,0.0,0.0,0.0,0.0,0.0,0.0,0.0,0.0,0.0,0.0,0.0,0.0,0.6730975841913919,0.0,0.0,0.0,0.0,0.0,0.0
ADBE,0.6679531216570779,0.0,0.0,0.0,0.0,0.6589392849988579,0.0,0.0,0.0,0.0,0.0,0.0,0.0,0.0,0.7237833220904659,0.0,0.0,0.0,0.0,0.0,0.0,0.0,0.0,0.0,0.0,0.0,0.0,0.0,0.0,0.0,0.0,0.7847101764577741,0.0,0.6663828963957141,0.0,0.0,0.0,0.0,0.0,0.0,0.0,0.0,0.6063885892566742,0.0,0.0,0.6199358319643665,0.0,0.0,0.0,0.0
AMD,0.0,0.0,0.0,0.0,0.0,0.0,0.0,0.0,0.0,0.0,0.0,0.0,0.0,0.0,0.0,0.0,0.0,0.0,0.0,0.0,0.0,0.0,0.0,0.0,0.0,0.0,0.0,0.0,0.0,0.0,0.0,0.0,0.0,0.713674383975685,0.0,0.0,0.0,0.0,0.0,0.0,0.0,0.0,0.0,0.0,0.0,0.0,0.0,0.0,0.0,0.0
AMZN,0.6239793255797857,0.0,0.0,0.6589392849988579,0.0,0.0,0.0,0.0,0.0,0.0,0.0,0.0,0.0,0.0,0.608603242790281,0.0,0.0,0.0,0.0,0.0,0.0,0.0,0.0,0.0,0.0,0.0,0.0,0.0,0.0,0.0,0.0,0.6965273182186941,0.0,0.6076769814143583,0.0,0.0,0.0,0.0,0.0,0.0,0.0,0.0,0.0,0.0,0.0,0.0,0.0,0.0,0.0,0.0
AVGO,0.6219059914930298,0.0,0.0,0.0,0.0,0.0,0.0,0.0,0.0,0.0,0.0,0.0,0.0,0.0,0.0,0.0,0.0,0.0,0.0,0.0,0.0,0.0,0.0,0.0,0.0,0.0,0.0,0.0,0.0,0.0,0.0,0.6259233025187035,0.0,0.6483201034356392,0.0,0.0,0.0,0.0,0.0,0.0,0.0,0.0,0.0,0.0,0.0,0.0,0.0,0.0,0.0,0.0
AXP,0.0,0.0,0.0,0.0,0.0,0.0,0.0,0.0,0.7722730753716176,0.6468465571233111,0.0,0.7558704386759741,0.0,0.0,0.0,0.0,0.6152567483087275,0.0,0.0,0.7300879033208422,0.0,0.0,0.0,0.0,0.7816719117512129,0.0,0.0,0.0,0.0,0.0,0.7516132482445195,0.0,0.0,0.0,0.0,0.0,0.0,0.0,0.0,0.0,0.0,0.0,0.0,0.0,0.0,0.7065348155959924,0.0,0.7230180107459688,0.0,0.0
BAC,0.0,0.0,0.0,0.0,0.0,0.0,0.0,0.7722730753716176,0.0,0.6881673348637135,0.0,0.8775859066870663,0.0,0.0,0.0,0.0,0.6308433110993721,0.0,0.0,0.8359446810335935,0.0,0.0,0.0,0.0,0.9082979320786393,0.0,0.0,0.0,0.0,0.0,0.8445258724668793,0.0,0.0,0.0,0.0,0.0,0.0,0.0,0.0,0.0,0.0,0.0,0.0,0.0,0.0,0.604713194307296,0.0,0.8541634930208155,0.0,0.6022726228524449
BLK,0.0,0.0,0.0,0.0,0.0,0.0,0.0,0.6468465571233111,0.6881673348637135,0.0,0.0,0.6630596521170126,0.0,0.0,0.0,0.0,0.0,0.0,0.0,0.6874214471883844,0.0,0.6464291974849788,0.0,0.0,0.6903182077075747,0.0,0.0,0.0,0.0,0.0,0.723815724790126,0.6396468298811295,0.0,0.0,0.0,0.0,0.0,0.0,0.0,0.0,0.0,0.0,0.666667704399629,0.0,0.0,0.6654500597000971,0.0,0.6173966817777102,0.0,0.0
BMY,0.0,0.0,0.0,0.0,0.0,0.0,0.0,0.0,0.0,0.0,0.0,0.0,0.0,0.0,0.0,0.0,0.0,0.0,0.0,0.0,0.0,0.0,0.0,0.0,0.0,0.0,0.0,0.0,0.0,0.0,0.0,0.0,0.0,0.0,0.0,0.0,0.0,0.0,0.0,0.0,0.0,0.0,0.0,0.0,0.0,0.0,0.0,0.0,0.0,0.0
C,0.0,0.0,0.0,0.0,0.0,0.0,0.0,0.7558704386759741,0.8775859066870663,0.6630596521170126,0.0,0.0,0.6117966462763619,0.0,0.0,0.0,0.6537078952877248,0.0,0.0,0.8222443723448375,0.6178352139559977,0.0,0.0,0.0,0.8672436400096202,0.0,0.0,0.0,0.6299346185541677,0.0,0.8222228156323897,0.0,0.0,0.0,0.0,0.0,0.0,0.0,0.0,0.6310522552359782,0.0,0.6293772874341136,0.0,0.0,0.0,0.6008405055182233,0.6111216981766413,0.8125064098305913,0.0,0.6169652486709606
COP,0.0,0.0,0.0,0.0,0.0,0.0,0.0,0.0,0.0,0.0,0.0,0.6117966462763619,0.0,0.0,0.0,0.0,0.8442804003325102,0.0,0.8645133161192097,0.0,0.8197426564660257,0.0,0.0,0.0,0.0,0.0,0.0,0.0,0.6961708334214147,0.0,0.0,0.0,0.0,0.0,0.0,0.7631270770321908,0.0,0.0,0.0,0.7550121255009647,0.0,0.804818411166655,0.0,0.0,0.0,0.0,0.6999325211974694,0.0,0.0,0.8334067176528284
COST,0.0,0.0,0.0,0.0,0.0,0.0,0.0,0.0,0.0,0.0,0.0,0.0,0.0,0.0,0.0,0.0,0.0,0.0,0.0,0.0,0.0,0.0,0.0,0.0,0.0,0.0,0.0,0.0,0.0,0.0,0.0,0.0,0.0,0.0,0.0,0.0,0.0,0.0,0.0,0.0,0.0,0.0,0.0,0.0,0.0,0.0,0.0,0.0,0.6059094983499691,0.0
CRM,0.0,0.0,0.0,0.7237833220904659,0.0,0.608603242790281,0.0,0.0,0.0,0.0,0.0,0.0,0.0,0.0,0.0,0.0,0.0,0.0,0.0,0.0,0.0,0.0,0.0,0.0,0.0,0.0,0.0,0.0,0.0,0.0,0.0,0.6815199066170897,0.0,0.0,0.0,0.0,0.0,0.0,0.0,0.0,0.0,0.0,0.0,0.0,0.0,0.0,0.0,0.0,0.0,0.0
CSCO,0.0,0.0,0.0,0.0,0.0,0.0,0.0,0.0,0.0,0.0,0.0,0.0,0.0,0.0,0.0,0.0,0.0,0.0,0.0,0.0,0.0,0.0,0.0,0.0,0.0,0.0,0.0,0.0,0.0,0.0,0.0,0.6111374040264463,0.0,0.0,0.0,0.0,0.0,0.0,0.0,0.0,0.0,0.0,0.0,0.0,0.0,0.0,0.0,0.0,0.0,0.0
CVX,0.0,0.0,0.0,0.0,0.0,0.0,0.0,0.6152567483087275,0.6308433110993721,0.0,0.0,0.6537078952877248,0.8442804003325102,0.0,0.0,0.0,0.0,0.0,0.7480087708361548,0.0,0.7797072209144917,0.0,0.0,0.0,0.634257306414554,0.0,0.0,0.0,0.7052013207680687,0.0,0.6277067104986525,0.0,0.0,0.0,0.0,0.6985899329858521,0.0,0.0,0.0,0.7440488543610757,0.0,0.7701832830987144,0.0,0.0,0.0,0.0,0.7158542714167313,0.0,0.0,0.8491713596788537
DHR,0.0,0.0,0.6587583443291443,0.0,0.0,0.0,0.0,0.0,0.0,0.0,0.0,0.0,0.0,0.0,0.0,0.0,0.0,0.0,0.0,0.0,0.0,0.0,0.0,0.0,0.0,0.0,0.0,0.0,0.0,0.0,0.0,0.0,0.0,0.0,0.0,0.0,0.0,0.0,0.0,0.0,0.0,0.0,0.0,0.8042467927548578,0.0,0.0,0.0,0.0,0.0,0.0
EOG,0.0,0.0,0.0,0.0,0.0,0.0,0.0,0.0,0.0,0.0,0.0,0.0,0.8645133161192097,0.0,0.0,0.0,0.7480087708361548,0.0,0.0,0.0,0.800672871197695,0.0,0.0,0.0,0.0,0.0,0.0,0.0,0.6453406877185498,0.0,0.0,0.0,0.0,0.0,0.0,0.7724700110957088,0.0,0.0,0.0,0.7086281854895569,0.0,0.7881331637026895,0.0,0.0,0.0,0.0,0.6453007864088065,0.0,0.0,0.7932058628381878
GS,0.0,0.0,0.0,0.0,0.0,0.0,0.0,0.7300879033208422,0.8359446810335935,0.6874214471883844,0.0,0.8222443723448375,0.0,0.0,0.0,0.0,0.0,0.0,0.0,0.0,0.0,0.0,0.0,0.0,0.8262503263810693,0.0,0.0,0.0,0.0,0.0,0.8714558525556843,0.0,0.0,0.0,0.0,0.0,0.0,0.0,0.0,0.0,0.0,0.0,0.0,0.0,0.0,0.6001169386764793,0.0,0.7599828281176262,0.0,0.0
HAL,0.0,0.0,0.0,0.0,0.0,0.0,0.0,0.0,0.0,0.0,0.0,0.6178352139559977,0.8197426564660257,0.0,0.0,0.0,0.7797072209144917,0.0,0.800672871197695,0.0,0.0,0.0,0.0,0.0,0.0,0.0,0.0,0.0,0.6888349331794219,0.0,0.0,0.0,0.0,0.0,0.0,0.744301650301067,0.0,0.0,0.0,0.7058495628443555,0.0,0.8751337982748241,0.0,0.0,0.0,0.0,0.6587613563739514,0.0,0.0,0.7936912622929525
HD,0.0,0.0,0.0,0.0,0.0,0.0,0.0,0.0,0.0,0.6464291974849788,0.0,0.0,0.0,0.0,0.0,0.0,0.0,0.0,0.0,0.0,0.0,0.0,0.0,0.0,0.0,0.0,0.0,0.0,0.0,0.0,0.0,0.6032456002053561,0.0,0.0,0.0,0.0,0.0,0.0,0.0,0.0,0.0,0.0,0.6291420031434587,0.0,0.0,0.0,0.0,0.0,0.0,0.0
INTC,0.0,0.0,0.0,0.0,0.0,0.0,0.0,0.0,0.0,0.0,0.0,0.0,0.0,0.0,0.0,0.0,0.0,0.0,0.0,0.0,0.0,0.0,0.0,0.0,0.0,0.0,0.0,0.0,0.0,0.0,0.0,0.0,0.0,0.0,0.0,0.0,0.0,0.0,0.0,0.0,0.0,0.0,0.0,0.0,0.0,0.0,0.0,0.0,0.0,0.0
JNJ,0.0,0.0,0.0,0.0,0.0,0.0,0.0,0.0,0.0,0.0,0.0,0.0,0.0,0.0,0.0,0.0,0.0,0.0,0.0,0.0,0.0,0.0,0.0,0.0,0.0,0.0,0.0,0.0,0.0,0.0,0.0,0.0,0.0,0.0,0.0,0.0,0.6019427433269372,0.0,0.0,0.0,0.0,0.0,0.0,0.0,0.0,0.0,0.0,0.0,0.0,0.0
JPM,0.0,0.0,0.0,0.0,0.0,0.0,0.0,0.7816719117512129,0.9082979320786393,0.6903182077075747,0.0,0.8672436400096202,0.0,0.0,0.0,0.0,0.634257306414554,0.0,0.0,0.8262503263810693,0.0,0.0,0.0,0.0,0.0,0.0,0.0,0.0,0.0,0.0,0.8336110914360069,0.0,0.0,0.0,0.0,0.0,0.0,0.0,0.0,0.0,0.0,0.0,0.0,0.0,0.0,0.6175736567048552,0.0,0.8205478890210173,0.0,0.0
KO,0.0,0.0,0.0,0.0,0.0,0.0,0.0,0.0,0.0,0.0,0.0,0.0,0.0,0.0,0.0,0.0,0.0,0.0,0.0,0.0,0.0,0.0,0.0,0.0,0.0,0.0,0.0,0.0,0.0,0.0,0.0,0.0,0.0,0.0,0.0,0.0,0.7522463287156288,0.0,0.6424715808766357,0.0,0.0,0.0,0.0,0.0,0.0,0.0,0.0,0.0,0.0,0.0
LLY,0.0,0.0,0.0,0.0,0.0,0.0,0.0,0.0,0.0,0.0,0.0,0.0,0.0,0.0,0.0,0.0,0.0,0.0,0.0,0.0,0.0,0.0,0.0,0.0,0.0,0.0,0.0,0.0,0.0,0.0,0.0,0.0,0.0,0.0,0.0,0.0,0.0,0.0,0.0,0.0,0.0,0.0,0.0,0.0,0.0,0.0,0.0,0.0,0.0,0.0
MCD,0.0,0.0,0.0,0.0,0.0,0.0,0.0,0.0,0.0,0.0,0.0,0.0,0.0,0.0,0.0,0.0,0.0,0.0,0.0,0.0,0.0,0.0,0.0,0.0,0.0,0.0,0.0,0.0,0.0,0.0,0.0,0.0,0.0,0.0,0.0,0.0,0.0,0.0,0.0,0.0,0.6284608972945661,0.0,0.0,0.0,0.0,0.0,0.0,0.0,0.0,0.0
MPC,0.0,0.0,0.0,0.0,0.0,0.0,0.0,0.0,0.0,0.0,0.0,0.6299346185541677,0.6961708334214147,0.0,0.0,0.0,0.7052013207680687,0.0,0.6453406877185498,0.0,0.6888349331794219,0.0,0.0,0.0,0.0,0.0,0.0,0.0,0.0,0.0,0.0,0.0,0.0,0.0,0.0,0.624212207665697,0.0,0.0,0.0,0.8309190942885265,0.0,0.6900108872435239,0.0,0.0,0.0,0.0,0.8632849156206641,0.0,0.0,0.7224056072559096
MRK,0.0,0.0,0.0,0.0,0.0,0.0,0.0,0.0,0.0,0.0,0.0,0.0,0.0,0.0,0.0,0.0,0.0,0.0,0.0,0.0,0.0,0.0,0.0,0.0,0.0,0.0,0.0,0.0,0.0,0.0,0.0,0.0,0.0,0.0,0.0,0.0,0.0,0.0,0.0,0.0,0.0,0.0,0.0,0.0,0.0,0.0,0.0,0.0,0.0,0.0
MS,0.0,0.0,0.0,0.0,0.0,0.0,0.0,0.7516132482445195,0.8445258724668793,0.723815724790126,0.0,0.8222228156323897,0.0,0.0,0.0,0.0,0.6277067104986525,0.0,0.0,0.8714558525556843,0.0,0.0,0.0,0.0,0.8336110914360069,0.0,0.0,0.0,0.0,0.0,0.0,0.0,0.0,0.0,0.0,0.0,0.0,0.0,0.0,0.0,0.0,0.0,0.0,0.0,0.0,0.6330386135264868,0.0,0.764680454943403,0.0,0.0
MSFT,0.7498582750580085,0.0,0.0,0.7847101764577741,0.0,0.6965273182186941,0.6259233025187035,0.0,0.0,0.6396468298811295,0.0,0.0,0.0,0.0,0.6815199066170897,0.6111374040264463,0.0,0.0,0.0,0.0,0.0,0.6032456002053561,0.0,0.0,0.0,0.0,0.0,0.0,0.0,0.0,0.0,0.0,0.0,0.6949891310575368,0.0,0.0,0.0,0.0,0.0,0.0,0.0,0.0,0.6584688560255012,0.0,0.0,0.6717505171586068,0.0,0.0,0.0,0.0
NKE,0.0,0.0,0.0,0.0,0.0,0.0,0.0,0.0,0.0,0.0,0.0,0.0,0.0,0.0,0.0,0.0,0.0,0.0,0.0,0.0,0.0,0.0,0.0,0.0,0.0,0.0,0.0,0.0,0.0,0.0,0.0,0.0,0.0,0.0,0.0,0.0,0.0,0.0,0.0,0.0,0.0,0.0,0.0,0.0,0.0,0.0,0.0,0.0,0.0,0.0
NVDA,0.6373916397778417,0.0,0.0,0.6663828963957141,0.713674383975685,0.6076769814143583,0.6483201034356392,0.0,0.0,0.0,0.0,0.0,0.0,0.0,0.0,0.0,0.0,0.0,0.0,0.0,0.0,0.0,0.0,0.0,0.0,0.0,0.0,0.0,0.0,0.0,0.0,0.6949891310575368,0.0,0.0,0.0,0.0,0.0,0.0,0.0,0.0,0.0,0.0,0.0,0.0,0.0,0.0,0.0,0.0,0.0,0.0
ORCL,0.0,0.0,0.0,0.0,0.0,0.0,0.0,0.0,0.0,0.0,0.0,0.0,0.0,0.0,0.0,0.0,0.0,0.0,0.0,0.0,0.0,0.0,0.0,0.0,0.0,0.0,0.0,0.0,0.0,0.0,0.0,0.0,0.0,0.0,0.0,0.0,0.0,0.0,0.0,0.0,0.0,0.0,0.0,0.0,0.0,0.0,0.0,0.0,0.0,0.0
OXY,0.0,0.0,0.0,0.0,0.0,0.0,0.0,0.0,0.0,0.0,0.0,0.0,0.7631270770321908,0.0,0.0,0.0,0.6985899329858521,0.0,0.7724700110957088,0.0,0.744301650301067,0.0,0.0,0.0,0.0,0.0,0.0,0.0,0.624212207665697,0.0,0.0,0.0,0.0,0.0,0.0,0.0,0.0,0.0,0.0,0.6706417487149438,0.0,0.7167630774063177,0.0,0.0,0.0,0.0,0.624366420617206,0.0,0.0,0.7397092177246148
PEP,0.0,0.0,0.0,0.0,0.0,0.0,0.0,0.0,0.0,0.0,0.0,0.0,0.0,0.0,0.0,0.0,0.0,0.0,0.0,0.0,0.0,0.0,0.0,0.6019427433269372,0.0,0.7522463287156288,0.0,0.0,0.0,0.0,0.0,0.0,0.0,0.0,0.0,0.0,0.0,0.0,0.7408845342703777,0.0,0.0,0.0,0.0,0.0,0.0,0.0,0.0,0.0,0.0,0.0
PFE,0.0,0.0,0.0,0.0,0.0,0.0,0.0,0.0,0.0,0.0,0.0,0.0,0.0,0.0,0.0,0.0,0.0,0.0,0.0,0.0,0.0,0.0,0.0,0.0,0.0,0.0,0.0,0.0,0.0,0.0,0.0,0.0,0.0,0.0,0.0,0.0,0.0,0.0,0.0,0.0,0.0,0.0,0.0,0.0,0.0,0.0,0.0,0.0,0.0,0.0
PG,0.0,0.0,0.0,0.0,0.0,0.0,0.0,0.0,0.0,0.0,0.0,0.0,0.0,0.0,0.0,0.0,0.0,0.0,0.0,0.0,0.0,0.0,0.0,0.0,0.0,0.6424715808766357,0.0,0.0,0.0,0.0,0.0,0.0,0.0,0.0,0.0,0.0,0.7408845342703777,0.0,0.0,0.0,0.0,0.0,0.0,0.0,0.0,0.0,0.0,0.0,0.0,0.0
PSX,0.0,0.0,0.0,0.0,0.0,0.0,0.0,0.0,0.0,0.0,0.0,0.6310522552359782,0.7550121255009647,0.0,0.0,0.0,0.7440488543610757,0.0,0.7086281854895569,0.0,0.7058495628443555,0.0,0.0,0.0,0.0,0.0,0.0,0.0,0.8309190942885265,0.0,0.0,0.0,0.0,0.0,0.0,0.6706417487149438,0.0,0.0,0.0,0.0,0.0,0.7347073590252485,0.0,0.0,0.0,0.0,0.878278408957018,0.0,0.0,0.7600847852985417
SBUX,0.0,0.0,0.0,0.0,0.0,0.0,0.0,0.0,0.0,0.0,0.0,0.0,0.0,0.0,0.0,0.0,0.0,0.0,0.0,0.0,0.0,0.0,0.0,0.0,0.0,0.0,0.0,0.6284608972945661,0.0,0.0,0.0,0.0,0.0,0.0,0.0,0.0,0.0,0.0,0.0,0.0,0.0,0.0,0.0,0.0,0.0,0.6189226653779887,0.0,0.0,0.0,0.0
SLB,0.0,0.0,0.0,0.0,0.0,0.0,0.0,0.0,0.0,0.0,0.0,0.6293772874341136,0.804818411166655,0.0,0.0,0.0,0.7701832830987144,0.0,0.7881331637026895,0.0,0.8751337982748241,0.0,0.0,0.0,0.0,0.0,0.0,0.0,0.6900108872435239,0.0,0.0,0.0,0.0,0.0,0.0,0.7167630774063177,0.0,0.0,0.0,0.7347073590252485,0.0,0.0,0.0,0.0,0.0,0.0,0.7047970421640324,0.0,0.0,0.7881263530041397
SPGI,0.0,0.0,0.0,0.6063885892566742,0.0,0.0,0.0,0.0,0.0,0.666667704399629,0.0,0.0,0.0,0.0,0.0,0.0,0.0,0.0,0.0,0.0,0.0,0.6291420031434587,0.0,0.0,0.0,0.0,0.0,0.0,0.0,0.0,0.0,0.6584688560255012,0.0,0.0,0.0,0.0,0.0,0.0,0.0,0.0,0.0,0.0,0.0,0.0,0.0,0.6755178252646427,0.0,0.0,0.0,0.0
TMO,0.0,0.0,0.6730975841913919,0.0,0.0,0.0,0.0,0.0,0.0,0.0,0.0,0.0,0.0,0.0,0.0,0.0,0.0,0.8042467927548578,0.0,0.0,0.0,0.0,0.0,0.0,0.0,0.0,0.0,0.0,0.0,0.0,0.0,0.0,0.0,0.0,0.0,0.0,0.0,0.0,0.0,0.0,0.0,0.0,0.0,0.0,0.0,0.0,0.0,0.0,0.0,0.0
UNH,0.0,0.0,0.0,0.0,0.0,0.0,0.0,0.0,0.0,0.0,0.0,0.0,0.0,0.0,0.0,0.0,0.0,0.0,0.0,0.0,0.0,0.0,0.0,0.0,0.0,0.0,0.0,0.0,0.0,0.0,0.0,0.0,0.0,0.0,0.0,0.0,0.0,0.0,0.0,0.0,0.0,0.0,0.0,0.0,0.0,0.0,0.0,0.0,0.0,0.0
V,0.6278132438517698,0.0,0.0,0.6199358319643665,0.0,0.0,0.0,0.7065348155959924,0.604713194307296,0.6654500597000971,0.0,0.6008405055182233,0.0,0.0,0.0,0.0,0.0,0.0,0.0,0.6001169386764793,0.0,0.0,0.0,0.0,0.6175736567048552,0.0,0.0,0.0,0.0,0.0,0.6330386135264868,0.6717505171586068,0.0,0.0,0.0,0.0,0.0,0.0,0.0,0.0,0.6189226653779887,0.0,0.6755178252646427,0.0,0.0,0.0,0.0,0.0,0.0,0.0
VLO,0.0,0.0,0.0,0.0,0.0,0.0,0.0,0.0,0.0,0.0,0.0,0.6111216981766413,0.6999325211974694,0.0,0.0,0.0,0.7158542714167313,0.0,0.6453007864088065,0.0,0.6587613563739514,0.0,0.0,0.0,0.0,0.0,0.0,0.0,0.8632849156206641,0.0,0.0,0.0,0.0,0.0,0.0,0.624366420617206,0.0,0.0,0.0,0.878278408957018,0.0,0.7047970421640324,0.0,0.0,0.0,0.0,0.0,0.0,0.0,0.7356135029021059
WFC,0.0,0.0,0.0,0.0,0.0,0.0,0.0,0.7230180107459688,0.8541634930208155,0.6173966817777102,0.0,0.8125064098305913,0.0,0.0,0.0,0.0,0.0,0.0,0.0,0.7599828281176262,0.0,0.0,0.0,0.0,0.8205478890210173,0.0,0.0,0.0,0.0,0.0,0.764680454943403,0.0,0.0,0.0,0.0,0.0,0.0,0.0,0.0,0.0,0.0,0.0,0.0,0.0,0.0,0.0,0.0,0.0,0.0,0.0
WMT,0.0,0.0,0.0,0.0,0.0,0.0,0.0,0.0,0.0,0.0,0.0,0.0,0.0,0.6059094983499691,0.0,0.0,0.0,0.0,0.0,0.0,0.0,0.0,0.0,0.0,0.0,0.0,0.0,0.0,0.0,0.0,0.0,0.0,0.0,0.0,0.0,0.0,0.0,0.0,0.0,0.0,0.0,0.0,0.0,0.0,0.0,0.0,0.0,0.0,0.0,0.0
XOM,0.0,0.0,0.0,0.0,0.0,0.0,0.0,0.0,0.6022726228524449,0.0,0.0,0.6169652486709606,0.8334067176528284,0.0,0.0,0.0,0.8491713596788537,0.0,0.7932058628381878,0.0,0.7936912622929525,0.0,0.0,0.0,0.0,0.0,0.0,0.0,0.7224056072559096,0.0,0.0,0.0,0.0,0.0,0.0,0.7397092177246148,0.0,0.0,0.0,0.7600847852985417,0.0,0.7881263530041397,0.0,0.0,0.0,0.0,0.7356135029021059,0.0,0.0,0.0
